Season,Week,PID,Player,Pos,Team,Opp,aFPA,aFPA Rk,FFPts,Comp,Pass Att,Pass Yds,Pass TD,INT,Rush Att,Rush Yds,Rush TD,Rec,Rec Yds,Rec TD,Pa1D,Ru1D,Rec1D,Fum,XP,FG,Grade
2018,15,mahomp1,Patrick Mahomes,QB,KC,LAC,12.8,3,22.4,25.2,38.3,302.1,2.2,0.9,3.6,17.3,0.2,0.0,0.0,0.0,14.5,1.1,0.0,0.2,0.0,0.0,A-Game
2018,15,goffj1,Jared Goff,QB,LAR,PHI,18.1,20,21.9,25.2,37.8,309.7,2.3,0.6,2.2,6.4,0.1,0.0,0.0,0.0,14.7,0.4,0.0,0.2,0.0,0.0,A-Game
2018,15,roethb1,Ben Roethlisberger,QB,PIT,NE,20.0,30,21.0,26.8,41.6,307.2,2.1,0.9,2.1,7.7,0.1,0.0,0.0,0.0,14.9,0.5,0.0,0.2,0.0,0.0,A-Game
2018,15,lucka1,Andrew Luck,QB,IND,DAL,16.4,14,19.7,25.8,37.9,303.3,1.9,0.7,3.0,8.5,0.1,0.0,0.0,0.0,14.6,0.6,0.0,0.3,0.0,0.0,A-Game
2018,15,watsod1,Deshaun Watson,QB,HOU,@NYJ,19.8,29,19.7,20.1,31.8,241.0,1.5,0.9,5.7,36.9,0.3,0.0,0.0,0.0,11.5,2.4,0.0,0.2,0.0,0.0,A-Game
2018,15,bradyt1,Tom Brady,QB,NE,@PIT,14.4,4,19.6,25.1,38.4,297.8,1.8,0.7,0.7,2.2,0.2,0.0,0.0,0.0,14.3,0.1,0.0,0.2,0.0,0.0,A-Game
2018,15,breesd1,Drew Brees,QB,NO,@CAR,19.4,25,19.6,25.5,35.9,283.7,1.9,0.5,1.3,3.6,0.2,0.0,0.0,0.0,13.8,0.2,0.0,0.2,0.0,0.0,A-Game
2018,15,riverp1,Philip Rivers,QB,LAC,@KC,21.4,31,19.4,26.1,40.1,302.7,2.1,0.7,0.0,0.0,0.0,0.0,0.0,0.0,14.6,0.0,0.0,0.2,0.0,0.0,A-Game
2018,15,newtoc1,Cam Newton,QB,CAR,NO,17.5,18,19.2,24.6,36.8,248.8,1.7,1.0,6.1,29.2,0.2,0.0,0.0,0.0,12.5,1.9,0.0,0.3,0.0,0.0,A-Game
2018,15,cousik1,Kirk Cousins,QB,MIN,MIA,21.5,32,18.9,25.0,36.5,272.3,1.8,0.6,3.4,11.2,0.1,0.0,0.0,0.0,13.4,0.7,0.0,0.3,0.0,0.0,A-Game
2018,15,prescd1,Dak Prescott,QB,DAL,@IND,19.6,27,18.8,23.5,34.1,258.9,1.5,0.8,3.7,20.5,0.3,0.0,0.0,0.0,12.7,1.3,0.0,0.3,0.0,0.0,A-Game
2018,15,trubim1,Mitch Trubisky,QB,CHI,GB,18.5,21,18.8,21.4,33.4,245.7,1.6,0.9,4.0,26.5,0.2,0.0,0.0,0.0,11.9,1.7,0.0,0.2,0.0,0.0,A-Game
2018,15,jacksl1,Lamar Jackson,QB,BAL,TB,16.7,15,18.7,13.6,23.8,151.6,1.1,0.6,12.0,64.9,0.5,0.0,0.0,0.0,7.4,4.2,0.0,0.2,0.0,0.0,A-Game
2018,15,ryanm1,Matt Ryan,QB,ATL,ARI,15.2,7,18.6,25.5,36.5,279.2,1.8,0.6,1.2,5.4,0.1,0.0,0.0,0.0,13.7,0.4,0.0,0.2,0.0,0.0,A-Game
2018,15,wilsor1,Russell Wilson,QB,SEA,@SF,19.7,28,18.5,19.3,30.8,225.0,1.7,0.6,4.5,27.5,0.2,0.0,0.0,0.0,10.8,1.8,0.0,0.2,0.0,0.0,A-Game
2018,15,allenj3,Josh Allen,QB,BUF,DET,19.2,24,18.1,18.1,30.1,189.2,1.1,1.2,11.8,46.7,0.6,0.0,0.0,0.0,9.4,3.0,0.0,0.4,0.0,0.0,A-Game
2018,15,rodgea1,Aaron Rodgers,QB,GB,@CHI,15.4,10,17.6,22.5,37.1,270.6,1.5,0.6,4.0,17.9,0.1,0.0,0.0,0.0,12.9,1.2,0.0,0.3,0.0,0.0,A-Game
2018,15,winstj1,Jameis Winston,QB,TB,@BAL,14.9,5,17.2,21.9,35.7,242.9,1.5,1.1,5.7,28.0,0.1,0.0,0.0,0.0,11.9,1.8,0.0,0.3,0.0,0.0,A-Game
2018,15,mayfib1,Baker Mayfield,QB,CLE,@DEN,15.9,12,17.2,21.8,34.9,267.4,1.5,0.9,2.3,12.4,0.1,0.0,0.0,0.0,12.7,0.8,0.0,0.3,0.0,0.0,A-Game
2018,15,mariom1,Marcus Mariota,QB,TEN,@NYG,16.0,13,16.6,20.4,31.6,221.0,1.3,1.0,5.4,30.3,0.2,0.0,0.0,0.0,10.9,2.0,0.0,0.3,0.0,0.0,A-Game
2018,15,carrd2,Derek Carr,QB,OAK,@CIN,18.1,19,16.3,23.9,35.5,258.5,1.6,0.8,1.3,4.6,0.1,0.0,0.0,0.0,12.7,0.3,0.0,0.2,0.0,0.0,B-Game
2018,15,folesn1,Nick Foles,QB,PHI,@LAR,17.4,16,16.1,25.1,38.3,271.7,1.6,1.2,0.6,2.0,0.0,0.0,0.0,0.0,13.4,0.1,0.0,0.3,0.0,0.0,B-Game
2018,15,mullen1,Nick Mullens,QB,SF,SEA,17.5,17,15.5,21.3,33.8,277.4,1.3,1.0,0.7,3.5,0.1,0.0,0.0,0.0,13.0,0.2,0.0,0.3,0.0,0.0,B-Game
2018,15,driskj1,Jeff Driskel,QB,CIN,OAK,19.6,26,15.4,22.1,34.6,216.0,1.7,1.1,1.2,7.5,0.1,0.0,0.0,0.0,10.9,0.5,0.0,0.2,0.0,0.0,B-Game
2018,15,mannie1,Eli Manning,QB,NYG,TEN,15.7,11,15.2,22.8,34.8,248.0,1.5,0.7,0.7,2.3,0.0,0.0,0.0,0.0,12.2,0.1,0.0,0.2,0.0,0.0,B-Game
2018,15,keenuc1,Case Keenum,QB,DEN,CLE,15.2,6,14.8,21.3,34.7,240.0,1.3,0.6,0.7,3.5,0.1,0.0,0.0,0.0,11.7,0.2,0.0,0.2,0.0,0.0,B-Game
2018,15,kesslc1,Cody Kessler,QB,JAX,WAS,18.6,22,14.6,20.7,32.5,219.6,1.3,0.8,4.3,18.5,0.0,0.0,0.0,0.0,10.9,1.2,0.0,0.3,0.0,0.0,B-Game
2018,15,tanner1,Ryan Tannehill,QB,MIA,@MIN,11.1,2,14.3,20.2,32.2,216.6,1.4,1.0,3.3,13.6,0.0,0.0,0.0,0.0,10.7,0.9,0.0,0.3,0.0,0.0,B-Game
2018,15,staffm1,Matthew Stafford,QB,DET,@BUF,10.6,1,12.7,21.0,33.1,213.5,1.1,0.9,1.8,6.4,0.1,0.0,0.0,0.0,10.7,0.4,0.0,0.3,0.0,0.0,C-Game
2018,15,rosenj1,Josh Rosen,QB,ARI,@ATL,19.1,23,12.7,20.4,33.2,214.2,1.1,1.3,1.8,9.9,0.1,0.0,0.0,0.0,10.6,0.6,0.0,0.3,0.0,0.0,C-Game
2018,15,johnsj7,Josh Johnson,QB,WAS,@JAX,15.4,8,12.1,18.3,30.8,183.8,0.8,1.0,3.8,23.2,0.1,0.0,0.0,0.0,9.2,1.5,0.0,0.2,0.0,0.0,C-Game
2018,15,darnos1,Sam Darnold,QB,NYJ,HOU,15.4,9,11.6,19.5,33.2,208.3,1.1,1.6,1.3,5.6,0.1,0.0,0.0,0.0,10.3,0.4,0.0,0.3,0.0,0.0,C-Game
2018,15,fitzpr1,Ryan Fitzpatrick,QB,TB,@BAL,14.9,5,1.2,1.5,2.5,18.3,0.1,0.1,0.4,1.8,0.0,0.0,0.0,0.0,0.9,0.1,0.0,0.0,0.0,0.0,C-Game
2018,15,hillt2,Taysom Hill,QB,NO,@CAR,19.4,25,1.2,0.4,0.6,5.8,0.0,0.0,1.3,6.0,0.1,0.0,0.0,0.0,0.3,0.4,0.0,0.0,0.0,0.0,C-Game
2018,15,gurlet2,Todd Gurley,RB,LAR,PHI,22.5,27,24.3,0.0,0.0,0.0,0.0,0.0,21.3,98.2,1.1,4.4,38.7,0.4,0.0,4.9,1.8,0.1,0.0,0.0,A-Game
2018,15,ellioe1,Ezekiel Elliott,RB,DAL,@IND,20.2,20,23.1,0.0,0.0,0.0,0.0,0.0,22.3,103.8,0.5,6.5,51.8,0.3,0.0,5.2,2.4,0.2,0.0,0.0,A-Game
2018,15,barkls1,Saquon Barkley,RB,NYG,TEN,16.3,6,23.0,0.0,0.0,0.0,0.0,0.0,22.2,94.2,0.8,5.7,43.4,0.3,0.0,4.7,2.0,0.2,0.0,0.0,A-Game
2018,15,mccafc1,Christian McCaffrey,RB,CAR,NO,16.4,7,20.8,0.0,0.0,0.0,0.0,0.0,14.9,62.7,0.4,7.6,58.5,0.4,0.0,3.1,2.7,0.2,0.0,0.0,A-Game
2018,15,mixonj1,Joe Mixon,RB,CIN,OAK,20.1,17,18.1,0.0,0.0,0.0,0.0,0.0,20.3,92.2,0.7,3.6,25.9,0.1,0.0,4.6,1.2,0.2,0.0,0.0,A-Game
2018,15,kamara1,Alvin Kamara,RB,NO,@CAR,15.7,5,17.9,0.0,0.0,0.0,0.0,0.0,11.4,54.5,0.6,5.4,47.8,0.3,0.0,2.7,2.2,0.1,0.0,0.0,A-Game
2018,15,lindsp1,Phillip Lindsay,RB,DEN,CLE,23.8,30,17.6,0.0,0.0,0.0,0.0,0.0,19.6,96.4,0.8,2.7,16.8,0.1,0.0,4.8,0.8,0.2,0.0,0.0,A-Game
2018,15,johnsd12,David Johnson,RB,ARI,@ATL,22.4,26,17.4,0.0,0.0,0.0,0.0,0.0,19.4,82.2,0.4,4.6,39.6,0.2,0.0,4.1,1.8,0.2,0.0,0.0,A-Game
2018,15,chubbn1,Nick Chubb,RB,CLE,@DEN,17.6,10,17.3,0.0,0.0,0.0,0.0,0.0,22.5,94.1,0.6,2.7,26.7,0.1,0.0,4.7,1.2,0.2,0.0,0.0,A-Game
2018,15,cookd1,Dalvin Cook,RB,MIN,MIA,21.0,24,16.8,0.0,0.0,0.0,0.0,0.0,18.4,80.9,0.5,4.1,29.9,0.1,0.0,4.1,1.4,0.2,0.0,0.0,A-Game
2018,15,fournl1,Leonard Fournette,RB,JAX,WAS,19.2,15,16.7,0.0,0.0,0.0,0.0,0.0,19.6,79.0,0.6,3.1,28.5,0.2,0.0,4.0,1.3,0.2,0.0,0.0,A-Game
2018,15,jacksj2,Justin Jackson,RB,LAC,@KC,23.3,28,15.5,0.0,0.0,0.0,0.0,0.0,15.2,58.3,0.5,4.7,36.3,0.2,0.0,2.9,1.7,0.1,0.0,0.0,A-Game
2018,15,jonesa2,Aaron Jones,RB,GB,@CHI,14.7,3,14.8,0.0,0.0,0.0,0.0,0.0,16.0,68.5,0.4,3.5,31.1,0.1,0.0,3.4,1.4,0.1,0.0,0.0,A-Game
2018,15,millel2,Lamar Miller,RB,HOU,@NYJ,20.0,16,14.4,0.0,0.0,0.0,0.0,0.0,16.9,75.2,0.5,2.6,20.5,0.1,0.0,3.8,0.9,0.1,0.0,0.0,A-Game
2018,15,cohent1,Tarik Cohen,RB,CHI,GB,20.6,23,14.4,0.0,0.0,0.0,0.0,0.0,8.0,36.4,0.3,4.9,54.0,0.3,0.0,1.8,2.5,0.1,0.0,0.0,A-Game
2018,15,carsoc1,Chris Carson,RB,SEA,@SF,18.8,14,14.1,0.0,0.0,0.0,0.0,0.0,15.9,70.6,0.7,1.9,18.0,0.1,0.0,3.5,0.8,0.1,0.0,0.0,A-Game
2018,15,samuej1,Jaylen Samuels,RB,PIT,NE,20.6,22,14.1,0.0,0.0,0.0,0.0,0.0,11.4,51.5,0.1,5.9,44.5,0.2,0.0,2.6,2.0,0.1,0.0,0.0,A-Game
2018,15,whitej4,James White,RB,NE,@PIT,18.2,13,13.4,0.0,0.0,0.0,0.0,0.0,3.5,16.2,0.3,5.2,46.2,0.5,0.0,0.8,2.1,0.1,0.0,0.0,B-Game
2018,15,willid9,Damien Williams,RB,KC,LAC,20.5,21,13.3,0.0,0.0,0.0,0.0,0.0,10.9,47.7,0.4,4.2,33.8,0.2,0.0,2.4,1.5,0.1,0.0,0.0,B-Game
2018,15,mcguie1,Elijah McGuire,RB,NYJ,HOU,14.5,2,12.4,0.0,0.0,0.0,0.0,0.0,15.9,52.4,0.4,3.5,26.0,0.1,0.0,2.6,1.2,0.2,0.0,0.0,B-Game
2018,15,ingram1,Mark Ingram,RB,NO,@CAR,15.7,5,12.3,0.0,0.0,0.0,0.0,0.0,12.5,55.7,0.6,2.3,18.8,0.1,0.0,2.8,0.9,0.1,0.0,0.0,B-Game
2018,15,colemt1,Tevin Coleman,RB,ATL,ARI,22.0,25,12.0,0.0,0.0,0.0,0.0,0.0,11.8,48.7,0.4,2.2,19.5,0.3,0.0,2.4,0.9,0.1,0.0,0.0,B-Game
2018,15,henryd1,Derrick Henry,RB,TEN,@NYG,24.2,31,11.8,0.0,0.0,0.0,0.0,0.0,16.5,77.7,0.5,1.0,6.6,0.0,0.0,3.9,0.3,0.1,0.0,0.0,B-Game
2018,15,dixonk1,Kenneth Dixon,RB,BAL,TB,23.3,29,11.5,0.0,0.0,0.0,0.0,0.0,10.1,54.9,0.8,1.3,8.3,0.0,0.0,2.8,0.4,0.1,0.0,0.0,B-Game
2018,15,mackm1,Marlon Mack,RB,IND,DAL,15.1,4,11.3,0.0,0.0,0.0,0.0,0.0,15.3,60.2,0.6,1.3,9.1,0.1,0.0,3.0,0.4,0.1,0.0,0.0,B-Game
2018,15,howarj1,Jordan Howard,RB,CHI,GB,20.6,23,11.2,0.0,0.0,0.0,0.0,0.0,16.0,63.6,0.6,1.0,7.4,0.0,0.0,3.2,0.3,0.1,0.0,0.0,B-Game
2018,15,breidm1,Matt Breida,RB,SF,SEA,20.2,19,11.2,0.0,0.0,0.0,0.0,0.0,12.1,62.0,0.3,1.8,18.0,0.1,0.0,3.1,0.8,0.1,0.0,0.0,B-Game
2018,15,martid2,Doug Martin,RB,OAK,@CIN,28.2,32,11.1,0.0,0.0,0.0,0.0,0.0,17.1,69.6,0.5,1.5,7.8,0.0,0.0,3.5,0.4,0.2,0.0,0.0,B-Game
2018,15,miches1,Sony Michel,RB,NE,@PIT,18.2,13,11.0,0.0,0.0,0.0,0.0,0.0,16.3,68.1,0.6,0.6,6.0,0.0,0.0,3.4,0.3,0.1,0.0,0.0,B-Game
2018,15,edwarg1,Gus Edwards,RB,BAL,TB,23.3,29,10.9,0.0,0.0,0.0,0.0,0.0,18.3,76.9,0.6,0.0,0.0,0.0,0.0,3.9,0.0,0.1,0.0,0.0,B-Game
2018,15,drakek1,Kenyan Drake,RB,MIA,@MIN,17.0,9,10.8,0.0,0.0,0.0,0.0,0.0,6.9,30.3,0.2,3.4,34.6,0.3,0.0,1.5,1.6,0.1,0.0,0.0,B-Game
2018,15,richaj1,Jalen Richard,RB,OAK,@CIN,28.2,32,10.4,0.0,0.0,0.0,0.0,0.0,4.6,28.4,0.1,4.4,36.2,0.2,0.0,1.4,1.7,0.1,0.0,0.0,C-Game
2018,15,adamsj3,Josh Adams,RB,PHI,@LAR,17.6,11,10.3,0.0,0.0,0.0,0.0,0.0,17.1,74.7,0.4,0.4,2.7,0.0,0.0,3.7,0.1,0.1,0.0,0.0,C-Game
2018,15,lewisd1,Dion Lewis,RB,TEN,@NYG,24.2,31,10.1,0.0,0.0,0.0,0.0,0.0,6.0,26.3,0.1,4.7,35.4,0.2,0.0,1.3,1.6,0.1,0.0,0.0,C-Game
2018,15,murphm2,Marcus Murphy,RB,BUF,DET,16.6,8,10.0,0.0,0.0,0.0,0.0,0.0,10.2,45.0,0.2,3.2,24.6,0.1,0.0,2.3,1.1,0.1,0.0,0.0,C-Game
2018,15,wilsoj2,Jeff Wilson,RB,SF,SEA,20.2,19,9.6,0.0,0.0,0.0,0.0,0.0,13.2,49.7,0.2,2.5,16.6,0.1,0.0,2.5,0.8,0.1,0.0,0.0,C-Game
2018,15,riddit1,Theo Riddick,RB,DET,@BUF,20.2,18,9.6,0.0,0.0,0.0,0.0,0.0,3.9,14.9,0.0,5.0,43.8,0.2,0.0,0.7,2.0,0.1,0.0,0.0,C-Game
2018,15,smithi1,Ito Smith,RB,ATL,ARI,22.0,25,9.4,0.0,0.0,0.0,0.0,0.0,10.8,41.1,0.6,2.1,11.2,0.0,0.0,2.1,0.5,0.1,0.0,0.0,C-Game
2018,15,petera2,Adrian Peterson,RB,WAS,@JAX,18.2,12,9.2,0.0,0.0,0.0,0.0,0.0,15.9,59.2,0.4,0.8,6.4,0.1,0.0,3.0,0.3,0.1,0.0,0.0,C-Game
2018,15,barbep1,Peyton Barber,RB,TB,@BAL,14.0,1,8.4,0.0,0.0,0.0,0.0,0.0,13.3,47.8,0.4,1.3,7.8,0.0,0.0,2.4,0.4,0.1,0.0,0.0,C-Game
2018,15,goref1,Frank Gore,RB,MIA,@MIN,17.0,9,8.3,0.0,0.0,0.0,0.0,0.0,15.0,56.9,0.1,1.4,10.8,0.0,0.0,2.9,0.5,0.1,0.0,0.0,C-Game
2018,15,davism3,Mike Davis,RB,SEA,@SF,18.8,14,8.0,0.0,0.0,0.0,0.0,0.0,9.4,38.8,0.1,2.3,18.0,0.1,0.0,1.9,0.8,0.1,0.0,0.0,C-Game
2018,15,yeldot1,T.J. Yeldon,RB,JAX,WAS,19.2,15,8.0,0.0,0.0,0.0,0.0,0.0,3.6,17.3,0.1,3.6,28.5,0.1,0.0,0.9,1.3,0.1,0.0,0.0,C-Game
2018,15,hinesn1,Nyheim Hines,RB,IND,DAL,15.1,4,7.7,0.0,0.0,0.0,0.0,0.0,4.6,15.6,0.1,4.0,28.8,0.1,0.0,0.8,1.3,0.1,0.0,0.0,C-Game
2018,15,thompc1,Chris Thompson,RB,WAS,@JAX,18.2,12,7.6,0.0,0.0,0.0,0.0,0.0,6.2,26.7,0.1,3.3,22.1,0.1,0.0,1.3,1.0,0.1,0.0,0.0,C-Game
2018,15,blounl1,LeGarrette Blount,RB,DET,@BUF,20.2,18,7.3,0.0,0.0,0.0,0.0,0.0,11.6,48.0,0.3,0.6,4.3,0.0,0.0,2.4,0.2,0.1,0.0,0.0,C-Game
2018,15,newsod1,Detrez Newsome,RB,LAC,@KC,23.3,28,6.8,0.0,0.0,0.0,0.0,0.0,6.2,23.9,0.2,2.4,15.1,0.1,0.0,1.2,0.7,0.1,0.0,0.0,C-Game
2018,15,freemr1,Royce Freeman,RB,DEN,CLE,23.8,30,6.6,0.0,0.0,0.0,0.0,0.0,7.4,36.2,0.4,0.7,3.6,0.0,0.0,1.8,0.2,0.1,0.0,0.0,C-Game
2018,15,bernag1,Giovani Bernard,RB,CIN,OAK,20.1,17,6.5,0.0,0.0,0.0,0.0,0.0,3.6,16.9,0.1,3.4,18.4,0.2,0.0,0.8,0.9,0.0,0.0,0.0,C-Game
2018,15,ridles1,Stevan Ridley,RB,PIT,NE,20.6,22,6.3,0.0,0.0,0.0,0.0,0.0,8.1,33.7,0.5,0.0,0.0,0.0,0.0,1.7,0.0,0.1,0.0,0.0,C-Game
2018,15,sprold1,Darren Sproles,RB,PHI,@LAR,17.6,11,6.2,0.0,0.0,0.0,0.0,0.0,2.1,9.1,0.1,2.8,24.5,0.1,0.0,0.5,1.1,0.0,0.0,0.0,C-Game
2018,15,johnsd11,Duke Johnson,RB,CLE,@DEN,17.6,10,5.7,0.0,0.0,0.0,0.0,0.0,1.5,7.1,0.1,2.4,21.4,0.2,0.0,0.4,1.0,0.0,0.0,0.0,C-Game
2018,15,zennez1,Zach Zenner,RB,DET,@BUF,20.2,18,5.6,0.0,0.0,0.0,0.0,0.0,9.1,35.8,0.3,0.5,3.2,0.0,0.0,1.8,0.1,0.1,0.0,0.0,C-Game
2018,15,willid13,Darrel Williams,RB,KC,LAC,20.5,21,5.4,0.0,0.0,0.0,0.0,0.0,5.5,24.2,0.2,1.0,9.1,0.0,0.0,1.2,0.4,0.0,0.0,0.0,C-Game
2018,15,bluea1,Alfred Blue,RB,HOU,@NYJ,20.0,16,5.2,0.0,0.0,0.0,0.0,0.0,8.0,30.1,0.2,0.9,7.2,0.0,0.0,1.5,0.3,0.1,0.0,0.0,C-Game
2018,15,cannot1,Trenton Cannon,RB,NYJ,HOU,14.5,2,4.3,0.0,0.0,0.0,0.0,0.0,6.7,22.6,0.1,1.4,8.3,0.0,0.0,1.1,0.4,0.1,0.0,0.0,C-Game
2018,15,edmonc1,Chase Edmonds,RB,ARI,@ATL,22.4,26,4.3,0.0,0.0,0.0,0.0,0.0,4.1,18.2,0.2,1.4,7.5,0.0,0.0,0.9,0.3,0.0,0.0,0.0,C-Game
2018,15,juszck1,Kyle Juszczyk,RB,SF,SEA,20.2,19,4.1,0.0,0.0,0.0,0.0,0.0,0.4,1.8,0.0,2.2,25.0,0.1,0.0,0.1,1.1,0.0,0.0,0.0,C-Game
2018,15,burkhr1,Rex Burkhead,RB,NE,@PIT,18.2,13,4.0,0.0,0.0,0.0,0.0,0.0,4.0,16.8,0.1,1.3,10.4,0.1,0.0,0.8,0.5,0.0,0.0,0.0,C-Game
2018,15,murral1,Latavius Murray,RB,MIN,MIA,21.0,24,3.9,0.0,0.0,0.0,0.0,0.0,3.2,12.4,0.2,1.1,6.8,0.1,0.0,0.6,0.3,0.0,0.0,0.0,C-Game
2018,15,rodgej1,Jacquizz Rodgers,RB,TB,@BAL,14.0,1,3.8,0.0,0.0,0.0,0.0,0.0,2.0,7.2,0.0,2.1,15.7,0.1,0.0,0.4,0.7,0.0,0.0,0.0,C-Game
2018,15,westc2,Charcandrick West,RB,KC,LAC,20.5,21,3.5,0.0,0.0,0.0,0.0,0.0,4.0,18.4,0.1,0.7,6.0,0.0,0.0,0.9,0.3,0.0,0.0,0.0,C-Game
2018,15,booked1,Devontae Booker,RB,DEN,CLE,23.8,30,3.4,0.0,0.0,0.0,0.0,0.0,0.5,2.8,0.0,2.2,15.6,0.1,0.0,0.1,0.7,0.0,0.0,0.0,C-Game
2018,15,washid1,DeAndre Washington,RB,OAK,@CIN,28.2,32,3.1,0.0,0.0,0.0,0.0,0.0,3.1,11.0,0.1,1.2,7.8,0.0,0.0,0.6,0.4,0.0,0.0,0.0,C-Game
2018,15,gallmw1,Wayne Gallman,RB,NYG,TEN,16.3,6,2.4,0.0,0.0,0.0,0.0,0.0,2.8,12.6,0.0,1.0,6.2,0.0,0.0,0.6,0.3,0.0,0.0,0.0,C-Game
2018,15,davisj7,Justin Davis,RB,LAR,PHI,22.5,27,2.2,0.0,0.0,0.0,0.0,0.0,1.6,12.2,0.1,0.5,3.1,0.0,0.0,0.6,0.1,0.0,0.0,0.0,C-Game
2018,15,marshb2,Byron Marshall,RB,WAS,@JAX,18.2,12,2.2,0.0,0.0,0.0,0.0,0.0,1.8,5.8,0.0,1.3,7.4,0.0,0.0,0.3,0.3,0.0,0.0,0.0,C-Game
2018,15,willij10,Jamaal Williams,RB,GB,@CHI,14.7,3,1.9,0.0,0.0,0.0,0.0,0.0,3.6,10.1,0.1,0.4,2.7,0.0,0.0,0.5,0.1,0.0,0.0,0.0,C-Game
2018,15,fordk1,Keith Ford,RB,BUF,DET,16.6,8,1.8,0.0,0.0,0.0,0.0,0.0,3.1,9.6,0.1,0.4,1.9,0.0,0.0,0.5,0.1,0.0,0.0,0.0,C-Game
2018,15,jonesr1,Ronald Jones,RB,TB,@BAL,14.0,1,1.6,0.0,0.0,0.0,0.0,0.0,1.5,5.4,0.0,0.7,5.2,0.0,0.0,0.3,0.2,0.0,0.0,0.0,C-Game
2018,15,wilkij2,Jordan Wilkins,RB,IND,DAL,15.1,4,1.5,0.0,0.0,0.0,0.0,0.0,2.0,6.7,0.0,0.5,3.0,0.0,0.0,0.3,0.1,0.0,0.0,0.0,C-Game
2018,15,develj1,James Develin,RB,NE,@PIT,18.2,13,1.5,0.0,0.0,0.0,0.0,0.0,0.2,0.6,0.1,0.5,3.0,0.0,0.0,0.0,0.1,0.0,0.0,0.0,C-Game
2018,15,sherma1,Anthony Sherman,RB,KC,LAC,20.5,21,1.0,0.0,0.0,0.0,0.0,0.0,0.0,0.0,0.0,0.5,4.5,0.1,0.0,0.0,0.2,0.0,0.0,0.0,C-Game
2018,15,smallw1,Wendell Smallwood,RB,PHI,@LAR,17.6,11,1.0,0.0,0.0,0.0,0.0,0.0,2.3,10.6,0.0,0.0,0.0,0.0,0.0,0.5,0.0,0.0,0.0,0.0,C-Game
2018,15,willid14,David Williams,RB,JAX,WAS,19.2,15,1.0,0.0,0.0,0.0,0.0,0.0,0.9,3.7,0.0,0.4,2.2,0.0,0.0,0.2,0.1,0.0,0.0,0.0,C-Game
2018,15,ballak1,Kalen Ballage,RB,MIA,@MIN,17.0,9,0.9,0.0,0.0,0.0,0.0,0.0,0.4,1.6,0.0,0.6,3.2,0.0,0.0,0.1,0.2,0.0,0.0,0.0,C-Game
2018,15,armaha1,Alexander Armah,RB,CAR,NO,16.4,7,0.7,0.0,0.0,0.0,0.0,0.0,0.4,1.1,0.1,0.0,0.0,0.0,0.0,0.1,0.0,0.0,0.0,0.0,C-Game
2018,15,hamc1,C.J. Ham,RB,MIN,MIA,21.0,24,0.5,0.0,0.0,0.0,0.0,0.0,0.0,0.0,0.0,0.5,2.7,0.0,0.0,0.0,0.1,0.0,0.0,0.0,C-Game
2018,15,nixr1,Roosevelt Nix,RB,PIT,NE,20.6,22,0.5,0.0,0.0,0.0,0.0,0.0,0.0,0.0,0.0,0.4,3.1,0.0,0.0,0.0,0.1,0.0,0.0,0.0,C-Game
2018,15,mizzet1,Taquan Mizzell,RB,CHI,GB,20.6,23,0.5,0.0,0.0,0.0,0.0,0.0,0.0,0.0,0.0,0.4,2.5,0.0,0.0,0.0,0.1,0.0,0.0,0.0,C-Game
2018,15,smithk7,Keith Smith,RB,OAK,@CIN,28.2,32,0.4,0.0,0.0,0.0,0.0,0.0,0.0,0.0,0.0,0.4,2.6,0.0,0.0,0.0,0.1,0.0,0.0,0.0,C-Game
2018,15,dimarp1,Patrick DiMarco,RB,BUF,DET,16.6,8,0.4,0.0,0.0,0.0,0.0,0.0,0.0,0.0,0.0,0.3,1.9,0.0,0.0,0.0,0.1,0.0,0.0,0.0,C-Game
2018,15,hillb2,Brian Hill,RB,ATL,ARI,22.0,25,0.4,0.0,0.0,0.0,0.0,0.0,1.1,3.8,0.0,0.0,0.0,0.0,0.0,0.2,0.0,0.0,0.0,0.0,C-Game
2018,15,smithr4,Rod Smith,RB,DAL,@IND,20.2,20,0.4,0.0,0.0,0.0,0.0,0.0,0.9,3.7,0.0,0.0,0.0,0.0,0.0,0.2,0.0,0.0,0.0,0.0,C-Game
2018,15,pennye1,Elijhaa Penny,RB,NYG,TEN,16.3,6,0.3,0.0,0.0,0.0,0.0,0.0,0.8,3.4,0.0,0.0,0.0,0.0,0.0,0.2,0.0,0.0,0.0,0.0,C-Game
2018,15,bohant1,Tommy Bohanon,RB,JAX,WAS,19.2,15,0.3,0.0,0.0,0.0,0.0,0.0,0.0,0.0,0.0,0.3,1.1,0.0,0.0,0.0,0.1,0.0,0.0,0.0,C-Game
2018,15,artisc1,Cameron Artis-Payne,RB,CAR,NO,16.4,7,0.2,0.0,0.0,0.0,0.0,0.0,0.5,2.2,0.0,0.0,0.0,0.0,0.0,0.1,0.0,0.0,0.0,0.0,C-Game
2018,15,boldeb1,Brandon Bolden,RB,MIA,@MIN,17.0,9,0.2,0.0,0.0,0.0,0.0,0.0,0.3,2.1,0.0,0.0,0.0,0.0,0.0,0.1,0.0,0.0,0.0,0.0,C-Game
2018,15,janova1,Andy Janovich,RB,DEN,CLE,23.8,30,0.1,0.0,0.0,0.0,0.0,0.0,0.4,1.4,0.0,0.0,0.0,0.0,0.0,0.1,0.0,0.0,0.0,0.0,C-Game
2018,15,thomam4,Michael Thomas,WR,NO,@CAR,26.8,29,17.6,0.0,0.0,0.0,0.0,0.0,0.0,0.0,0.0,8.3,99.9,0.6,0.0,0.0,5.1,0.1,0.0,0.0,A-Game
2018,15,allenk1,Keenan Allen,WR,LAC,@KC,23.2,17,17.3,0.0,0.0,0.0,0.0,0.0,0.4,3.5,0.0,8.2,92.3,0.6,0.0,0.1,4.8,0.1,0.0,0.0,A-Game
2018,15,jonesj6,Julio Jones,WR,ATL,ARI,22.8,14,16.6,0.0,0.0,0.0,0.0,0.0,0.2,1.6,0.0,7.0,101.9,0.5,0.0,0.1,4.8,0.0,0.0,0.0,A-Game
2018,15,hopkid1,DeAndre Hopkins,WR,HOU,@NYJ,28.8,32,16.6,0.0,0.0,0.0,0.0,0.0,0.0,0.0,0.0,6.6,94.0,0.7,0.0,0.0,4.4,0.0,0.0,0.0,A-Game
2018,15,browna4,Antonio Brown,WR,PIT,NE,23.1,16,16.3,0.0,0.0,0.0,0.0,0.0,0.0,0.0,0.0,6.4,78.3,0.9,0.0,0.0,4.0,0.0,0.0,0.0,A-Game
2018,15,thiela1,Adam Thielen,WR,MIN,MIA,26.3,26,16.2,0.0,0.0,0.0,0.0,0.0,0.3,2.2,0.0,6.8,88.5,0.6,0.0,0.1,4.3,0.1,0.0,0.0,A-Game
2018,15,smithj5,JuJu Smith-Schuster,WR,PIT,NE,23.1,16,15.8,0.0,0.0,0.0,0.0,0.0,0.1,1.4,0.0,7.0,93.7,0.5,0.0,0.1,4.5,0.0,0.0,0.0,A-Game
2018,15,hillt1,Tyreek Hill,WR,KC,LAC,17.6,3,15.7,0.0,0.0,0.0,0.0,0.0,1.0,6.3,0.1,4.9,83.1,0.6,0.0,0.3,3.7,0.0,0.0,0.0,A-Game
2018,15,adamsd2,Davante Adams,WR,GB,@CHI,22.0,12,15.6,0.0,0.0,0.0,0.0,0.0,0.0,0.0,0.0,6.2,86.6,0.7,0.0,0.0,4.1,0.1,0.0,0.0,A-Game
2018,15,cooksb1,Brandin Cooks,WR,LAR,PHI,25.9,25,15.2,0.0,0.0,0.0,0.0,0.0,0.7,3.2,0.0,6.3,86.7,0.5,0.0,0.1,4.2,0.0,0.0,0.0,A-Game
2018,15,diggss1,Stefon Diggs,WR,MIN,MIA,26.3,26,15.1,0.0,0.0,0.0,0.0,0.0,1.4,5.6,0.0,6.6,79.0,0.6,0.0,0.2,4.0,0.1,0.0,0.0,A-Game
2018,15,woodsr1,Robert Woods,WR,LAR,PHI,25.9,25,15.0,0.0,0.0,0.0,0.0,0.0,1.1,8.3,0.0,6.2,80.5,0.5,0.0,0.3,4.0,0.0,0.0,0.0,A-Game
2018,15,coopea1,Amari Cooper,WR,DAL,@IND,21.0,11,14.9,0.0,0.0,0.0,0.0,0.0,0.0,0.0,0.0,5.8,86.2,0.6,0.0,0.0,4.0,0.0,0.0,0.0,A-Game
2018,15,hiltot1,T.Y. Hilton,WR,IND,DAL,19.8,9,14.5,0.0,0.0,0.0,0.0,0.0,0.0,0.0,0.0,5.7,94.0,0.4,0.0,0.0,4.2,0.0,0.0,0.0,A-Game
2018,15,edelmj1,Julian Edelman,WR,NE,@PIT,18.9,5,12.5,0.0,0.0,0.0,0.0,0.0,0.7,6.7,0.0,5.9,62.5,0.5,0.0,0.3,3.4,0.0,0.0,0.0,A-Game
2018,15,evansm1,Mike Evans,WR,TB,@BAL,14.6,2,11.6,0.0,0.0,0.0,0.0,0.0,0.0,0.0,0.0,5.0,70.5,0.3,0.0,0.0,3.4,0.0,0.0,0.0,A-Game
2018,15,landrj1,Jarvis Landry,WR,CLE,@DEN,24.0,22,11.5,0.0,0.0,0.0,0.0,0.0,0.4,4.1,0.0,5.3,68.2,0.3,0.0,0.2,3.4,0.0,0.0,0.0,A-Game
2018,15,boydt2,Tyler Boyd,WR,CIN,OAK,19.0,7,11.5,0.0,0.0,0.0,0.0,0.0,0.0,0.0,0.0,5.3,62.6,0.4,0.0,0.0,3.2,0.0,0.0,0.0,A-Game
2018,15,gordoj1,Josh Gordon,WR,NE,@PIT,18.9,5,11.4,0.0,0.0,0.0,0.0,0.0,0.0,0.0,0.0,4.6,71.5,0.3,0.0,0.0,3.3,0.0,0.0,0.0,A-Game
2018,15,shepas1,Sterling Shepard,WR,NYG,TEN,25.8,24,11.0,0.0,0.0,0.0,0.0,0.0,0.0,0.0,0.0,5.2,65.2,0.3,0.0,0.0,3.3,0.0,0.0,0.0,A-Game
2018,15,locket1,Tyler Lockett,WR,SEA,@SF,26.4,27,11.0,0.0,0.0,0.0,0.0,0.0,0.8,4.2,0.0,4.4,57.4,0.5,0.0,0.2,2.8,0.0,0.0,0.0,A-Game
2018,15,robina3,Allen Robinson,WR,CHI,GB,28.3,31,10.9,0.0,0.0,0.0,0.0,0.0,0.0,0.0,0.0,4.5,61.4,0.4,0.0,0.0,2.9,0.0,0.0,0.0,B-Game
2018,15,gollak1,Kenny Golladay,WR,DET,@BUF,18.1,4,10.9,0.0,0.0,0.0,0.0,0.0,0.0,0.0,0.0,4.5,61.9,0.4,0.0,0.0,3.0,0.0,0.0,0.0,B-Game
2018,15,anderr2,Robby Anderson,WR,NYJ,HOU,23.3,19,10.8,0.0,0.0,0.0,0.0,0.0,0.0,0.0,0.0,4.4,63.5,0.4,0.0,0.0,3.0,0.0,0.0,0.0,B-Game
2018,15,suttoc1,Courtland Sutton,WR,DEN,CLE,20.1,10,10.7,0.0,0.0,0.0,0.0,0.0,0.0,0.0,0.0,4.6,64.8,0.3,0.0,0.0,3.1,0.0,0.0,0.0,B-Game
2018,15,jeffea1,Alshon Jeffery,WR,PHI,@LAR,24.6,23,10.7,0.0,0.0,0.0,0.0,0.0,0.0,0.0,0.0,5.0,57.1,0.4,0.0,0.0,3.0,0.0,0.0,0.0,B-Game
2018,15,moored4,D.J. Moore,WR,CAR,NO,23.4,20,10.6,0.0,0.0,0.0,0.0,0.0,1.4,8.3,0.0,4.3,60.5,0.3,0.0,0.3,2.9,0.0,0.0,0.0,B-Game
2018,15,davisc7,Corey Davis,WR,TEN,@NYG,22.9,15,10.6,0.0,0.0,0.0,0.0,0.0,0.3,2.6,0.0,4.2,59.7,0.4,0.0,0.1,2.8,0.0,0.0,0.0,B-Game
2018,15,godwic1,Chris Godwin,WR,TB,@BAL,14.6,2,10.2,0.0,0.0,0.0,0.0,0.0,0.0,0.0,0.0,4.7,60.1,0.3,0.0,0.0,3.0,0.0,0.0,0.0,B-Game
2018,15,humpha1,Adam Humphries,WR,TB,@BAL,14.6,2,10.1,0.0,0.0,0.0,0.0,0.0,0.0,0.0,0.0,5.0,57.5,0.3,0.0,0.0,3.0,0.0,0.0,0.0,B-Game
2018,15,fitzgl1,Larry Fitzgerald,WR,ARI,@ATL,22.4,13,9.9,0.0,0.0,0.0,0.0,0.0,0.0,0.0,0.0,4.6,51.4,0.4,0.0,0.0,2.7,0.0,0.0,0.0,B-Game
2018,15,pettid1,Dante Pettis,WR,SF,SEA,23.6,21,9.9,0.0,0.0,0.0,0.0,0.0,0.0,0.0,0.0,3.3,59.6,0.4,0.0,0.0,2.6,0.0,0.0,0.0,B-Game
2018,15,samuec1,Curtis Samuel,WR,CAR,NO,23.4,20,9.9,0.0,0.0,0.0,0.0,0.0,0.8,6.6,0.0,4.0,49.8,0.3,0.0,0.3,2.5,0.0,0.0,0.0,B-Game
2018,15,reynoj1,Josh Reynolds,WR,LAR,PHI,25.9,25,9.6,0.0,0.0,0.0,0.0,0.0,0.0,0.0,0.0,4.0,52.6,0.4,0.0,0.0,2.6,0.0,0.0,0.0,B-Game
2018,15,westbd1,Dede Westbrook,WR,JAX,WAS,26.5,28,9.2,0.0,0.0,0.0,0.0,0.0,0.5,4.9,0.0,4.0,45.0,0.4,0.0,0.2,2.3,0.0,0.0,0.0,B-Game
2018,15,ridlec1,Calvin Ridley,WR,ATL,ARI,22.8,14,9.2,0.0,0.0,0.0,0.0,0.0,0.5,3.2,0.0,3.8,43.3,0.5,0.0,0.1,2.2,0.0,0.0,0.0,B-Game
2018,15,stillk1,Kenny Stills,WR,MIA,@MIN,13.7,1,9.0,0.0,0.0,0.0,0.0,0.0,0.0,0.0,0.0,3.8,50.9,0.3,0.0,0.0,2.5,0.0,0.0,0.0,B-Game
2018,15,thomad5,Demaryius Thomas,WR,HOU,@NYJ,28.8,32,8.7,0.0,0.0,0.0,0.0,0.0,0.0,0.0,0.0,3.5,48.2,0.4,0.0,0.0,2.3,0.0,0.0,0.0,B-Game
2018,15,cobbr1,Randall Cobb,WR,GB,@CHI,22.0,12,8.7,0.0,0.0,0.0,0.0,0.0,0.0,0.0,0.0,4.6,50.1,0.2,0.0,0.0,2.7,0.0,0.0,0.0,B-Game
2018,15,willim7,Mike Williams,WR,LAC,@KC,23.2,17,8.6,0.0,0.0,0.0,0.0,0.0,0.0,0.0,0.0,2.9,43.9,0.5,0.0,0.0,2.0,0.0,0.0,0.0,B-Game
2018,15,gabrit1,Taylor Gabriel,WR,CHI,GB,28.3,31,8.5,0.0,0.0,0.0,0.0,0.0,0.7,4.6,0.0,4.4,47.7,0.2,0.0,0.2,2.5,0.0,0.0,0.0,B-Game
2018,15,baldwd1,Doug Baldwin,WR,SEA,@SF,26.4,27,8.4,0.0,0.0,0.0,0.0,0.0,0.0,0.0,0.0,4.3,42.7,0.3,0.0,0.0,2.4,0.0,0.0,0.0,B-Game
2018,15,sanum1,Mohamed Sanu,WR,ATL,ARI,22.8,14,8.3,0.0,0.0,0.0,0.0,0.0,0.3,1.1,0.0,4.2,48.9,0.2,0.0,0.0,2.5,0.0,0.0,0.0,B-Game
2018,15,tateg1,Golden Tate,WR,PHI,@LAR,24.6,23,8.3,0.0,0.0,0.0,0.0,0.0,0.3,2.5,0.0,4.1,44.8,0.3,0.0,0.1,2.4,0.0,0.0,0.0,B-Game
2018,15,hamild1,DaeSean Hamilton,WR,DEN,CLE,20.1,10,8.3,0.0,0.0,0.0,0.0,0.0,0.0,0.0,0.0,3.9,48.0,0.3,0.0,0.0,2.4,0.0,0.0,0.0,B-Game
2018,15,willit4,Tyrell Williams,WR,LAC,@KC,23.2,17,8.0,0.0,0.0,0.0,0.0,0.0,0.0,0.0,0.0,2.8,45.4,0.4,0.0,0.0,2.0,0.0,0.0,0.0,B-Game
2018,15,gallum1,Michael Gallup,WR,DAL,@IND,21.0,11,8.0,0.0,0.0,0.0,0.0,0.0,0.0,0.0,0.0,3.8,45.3,0.3,0.0,0.0,2.3,0.0,0.0,0.0,C-Game
2018,15,patrit1,Tim Patrick,WR,DEN,CLE,20.1,10,8.0,0.0,0.0,0.0,0.0,0.0,0.0,0.0,0.0,3.8,45.6,0.3,0.0,0.0,2.3,0.0,0.0,0.0,C-Game
2018,15,foster1,Robert Foster,WR,BUF,DET,27.8,30,7.9,0.0,0.0,0.0,0.0,0.0,0.0,0.0,0.0,2.9,50.1,0.2,0.0,0.0,2.2,0.0,0.0,0.0,C-Game
2018,15,conlec1,Chris Conley,WR,KC,LAC,17.6,3,7.8,0.0,0.0,0.0,0.0,0.0,0.0,0.0,0.0,3.3,38.7,0.4,0.0,0.0,2.0,0.0,0.0,0.0,C-Game
2018,15,jonesz1,Zay Jones,WR,BUF,DET,27.8,30,7.6,0.0,0.0,0.0,0.0,0.0,0.0,0.0,0.0,3.8,41.6,0.3,0.0,0.0,2.2,0.0,0.0,0.0,C-Game
2018,15,mckeni1,Isaiah McKenzie,WR,BUF,DET,27.8,30,7.6,0.0,0.0,0.0,0.0,0.0,1.9,10.1,0.0,3.5,35.0,0.2,0.0,0.4,1.9,0.0,0.0,0.0,C-Game
2018,15,nelsoj1,Jordy Nelson,WR,OAK,@CIN,19.2,8,7.5,0.0,0.0,0.0,0.0,0.0,0.0,0.0,0.0,3.4,41.4,0.3,0.0,0.0,2.1,0.0,0.0,0.0,C-Game
2018,15,taylot3,Taywan Taylor,WR,TEN,@NYG,22.9,15,7.2,0.0,0.0,0.0,0.0,0.0,0.0,0.0,0.0,3.4,43.1,0.2,0.0,0.0,2.1,0.0,0.0,0.0,C-Game
2018,15,moncrd1,Donte Moncrief,WR,JAX,WAS,26.5,28,7.1,0.0,0.0,0.0,0.0,0.0,0.0,0.0,0.0,3.1,41.7,0.2,0.0,0.0,2.0,0.0,0.0,0.0,C-Game
2018,15,crowdj1,Jamison Crowder,WR,WAS,@JAX,19.0,6,7.1,0.0,0.0,0.0,0.0,0.0,0.0,0.0,0.0,3.5,42.3,0.2,0.0,0.0,2.1,0.0,0.0,0.0,C-Game
2018,15,brownj5,John Brown,WR,BAL,TB,23.2,18,7.1,0.0,0.0,0.0,0.0,0.0,0.0,0.0,0.0,2.6,34.9,0.4,0.0,0.0,1.7,0.0,0.0,0.0,C-Game
2018,15,crabtm1,Michael Crabtree,WR,BAL,TB,23.2,18,7.1,0.0,0.0,0.0,0.0,0.0,0.0,0.0,0.0,3.4,32.6,0.4,0.0,0.0,1.8,0.0,0.0,0.0,C-Game
2018,15,parked1,DeVante Parker,WR,MIA,@MIN,13.7,1,7.1,0.0,0.0,0.0,0.0,0.0,0.0,0.0,0.0,3.2,42.2,0.2,0.0,0.0,2.1,0.0,0.0,0.0,C-Game
2018,15,millea1,Anthony Miller,WR,CHI,GB,28.3,31,7.0,0.0,0.0,0.0,0.0,0.0,0.2,1.3,0.0,2.5,34.4,0.4,0.0,0.1,1.6,0.0,0.0,0.0,C-Game
2018,15,kearsj1,Jermaine Kearse,WR,NYJ,HOU,23.3,19,6.9,0.0,0.0,0.0,0.0,0.0,0.0,0.0,0.0,3.5,41.7,0.2,0.0,0.0,2.1,0.0,0.0,0.0,C-Game
2018,15,atemam1,Marcell Ateman,WR,OAK,@CIN,19.2,8,6.9,0.0,0.0,0.0,0.0,0.0,0.0,0.0,0.0,3.2,36.2,0.3,0.0,0.0,1.9,0.0,0.0,0.0,C-Game
2018,15,funchd1,Devin Funchess,WR,CAR,NO,23.4,20,6.8,0.0,0.0,0.0,0.0,0.0,0.0,0.0,0.0,3.5,36.1,0.2,0.0,0.0,2.0,0.0,0.0,0.0,C-Game
2018,15,smitht9,TreQuan Smith,WR,NO,@CAR,26.8,29,6.7,0.0,0.0,0.0,0.0,0.0,0.0,0.0,0.0,2.7,37.6,0.3,0.0,0.0,1.8,0.0,0.0,0.0,C-Game
2018,15,moored3,David Moore,WR,SEA,@SF,26.4,27,6.7,0.0,0.0,0.0,0.0,0.0,0.0,0.0,0.0,2.3,38.2,0.3,0.0,0.0,1.7,0.0,0.0,0.0,C-Game
2018,15,rossj2,John Ross,WR,CIN,OAK,19.0,7,6.7,0.0,0.0,0.0,0.0,0.0,0.0,0.0,0.0,2.3,27.0,0.5,0.0,0.0,1.4,0.0,0.0,0.0,C-Game
2018,15,callaa1,Antonio Callaway,WR,CLE,@DEN,24.0,22,6.6,0.0,0.0,0.0,0.0,0.0,0.0,0.0,0.0,2.4,40.1,0.2,0.0,0.0,1.8,0.0,0.0,0.0,C-Game
2018,15,goodwm1,Marquise Goodwin,WR,SF,SEA,23.6,21,6.5,0.0,0.0,0.0,0.0,0.0,0.0,0.0,0.0,2.3,37.4,0.3,0.0,0.0,1.7,0.0,0.0,0.0,C-Game
2018,15,robers1,Seth Roberts,WR,OAK,@CIN,19.2,8,6.4,0.0,0.0,0.0,0.0,0.0,0.0,0.0,0.0,3.2,36.2,0.2,0.0,0.0,1.9,0.0,0.0,0.0,C-Game
2018,15,sherft1,Trent Sherfield,WR,ARI,@ATL,22.4,13,6.2,0.0,0.0,0.0,0.0,0.0,0.0,0.0,0.0,2.9,37.5,0.2,0.0,0.0,1.8,0.0,0.0,0.0,C-Game
2018,15,doctsj1,Josh Doctson,WR,WAS,@JAX,19.0,6,6.1,0.0,0.0,0.0,0.0,0.0,0.0,0.0,0.0,2.8,37.7,0.2,0.0,0.0,1.8,0.0,0.0,0.0,C-Game
2018,15,inmand1,Dontrelle Inman,WR,IND,DAL,19.8,9,6.0,0.0,0.0,0.0,0.0,0.0,0.0,0.0,0.0,3.0,31.8,0.2,0.0,0.0,1.7,0.0,0.0,0.0,C-Game
2018,15,colemc1,Corey Coleman,WR,NYG,TEN,25.8,24,6.0,0.0,0.0,0.0,0.0,0.0,0.0,0.0,0.0,3.0,34.7,0.2,0.0,0.0,1.8,0.0,0.0,0.0,C-Game
2018,15,beaslc1,Cole Beasley,WR,DAL,@IND,21.0,11,6.0,0.0,0.0,0.0,0.0,0.0,0.0,0.0,0.0,3.6,33.7,0.2,0.0,0.0,1.9,0.0,0.0,0.0,C-Game
2018,15,kirkwk1,Keith Kirkwood,WR,NO,@CAR,26.8,29,6.0,0.0,0.0,0.0,0.0,0.0,0.0,0.0,0.0,2.3,30.4,0.3,0.0,0.0,1.5,0.0,0.0,0.0,C-Game
2018,15,amendd1,Danny Amendola,WR,MIA,@MIN,13.7,1,5.4,0.0,0.0,0.0,0.0,0.0,0.0,0.0,0.0,3.0,31.4,0.1,0.0,0.0,1.7,0.0,0.0,0.0,C-Game
2018,15,jonest3,T.J. Jones,WR,DET,@BUF,18.1,4,5.4,0.0,0.0,0.0,0.0,0.0,0.0,0.0,0.0,3.2,31.0,0.1,0.0,0.0,1.7,0.0,0.0,0.0,C-Game
2018,15,sneadw1,Willie Snead,WR,BAL,TB,23.2,18,5.3,0.0,0.0,0.0,0.0,0.0,0.0,0.0,0.0,2.7,29.6,0.2,0.0,0.0,1.6,0.0,0.0,0.0,C-Game
2018,15,agholn1,Nelson Agholor,WR,PHI,@LAR,24.6,23,5.0,0.0,0.0,0.0,0.0,0.0,0.2,2.0,0.0,2.0,34.0,0.1,0.0,0.1,1.5,0.0,0.0,0.0,C-Game
2018,15,nelsoj2,J.J. Nelson,WR,ARI,@ATL,22.4,13,4.9,0.0,0.0,0.0,0.0,0.0,0.0,0.0,0.0,2.3,28.9,0.1,0.0,0.0,1.5,0.0,0.0,0.0,C-Game
2018,15,higgir1,Rashard Higgins,WR,CLE,@DEN,24.0,22,4.8,0.0,0.0,0.0,0.0,0.0,0.0,0.0,0.0,2.3,26.7,0.2,0.0,0.0,1.4,0.0,0.0,0.0,C-Game
2018,15,carted4,DeAndre Carter,WR,HOU,@NYJ,28.8,32,4.7,0.0,0.0,0.0,0.0,0.0,0.0,0.0,0.0,2.3,30.1,0.1,0.0,0.0,1.5,0.0,0.0,0.0,C-Game
2018,15,robind2,Demarcus Robinson,WR,KC,LAC,17.6,3,4.7,0.0,0.0,0.0,0.0,0.0,0.0,0.0,0.0,2.1,28.7,0.1,0.0,0.0,1.4,0.0,0.0,0.0,C-Game
2018,15,valdem1,Marquez Valdes-Scantling,WR,GB,@CHI,22.0,12,4.6,0.0,0.0,0.0,0.0,0.0,0.0,0.0,0.0,1.9,29.8,0.1,0.0,0.0,1.3,0.0,0.0,0.0,C-Game
2018,15,sharpt1,Tajae Sharpe,WR,TEN,@NYG,22.9,15,4.5,0.0,0.0,0.0,0.0,0.0,0.0,0.0,0.0,2.0,24.3,0.2,0.0,0.0,1.2,0.0,0.0,0.0,C-Game
2018,15,jonesa1,Andy Jones,WR,DET,@BUF,18.1,4,4.4,0.0,0.0,0.0,0.0,0.0,0.0,0.0,0.0,3.0,24.6,0.1,0.0,0.0,1.5,0.0,0.0,0.0,C-Game
2018,15,colek1,Keelan Cole,WR,JAX,WAS,26.5,28,4.4,0.0,0.0,0.0,0.0,0.0,0.0,0.0,0.0,2.6,26.3,0.1,0.0,0.0,1.4,0.0,0.0,0.0,C-Game
2018,15,perrib1,Breshad Perriman,WR,CLE,@DEN,24.0,22,4.4,0.0,0.0,0.0,0.0,0.0,0.0,0.0,0.0,1.4,28.1,0.1,0.0,0.0,1.2,0.0,0.0,0.0,C-Game
2018,15,rogerc1,Chester Rogers,WR,IND,DAL,19.8,9,3.8,0.0,0.0,0.0,0.0,0.0,0.0,0.0,0.0,2.2,24.3,0.1,0.0,0.0,1.3,0.0,0.0,0.0,C-Game
2018,15,benjat1,Travis Benjamin,WR,LAC,@KC,23.2,17,3.8,0.0,0.0,0.0,0.0,0.0,0.2,1.3,0.0,1.7,24.2,0.1,0.0,0.1,1.1,0.0,0.0,0.0,C-Game
2018,15,bournk1,Kendrick Bourne,WR,SF,SEA,23.6,21,3.6,0.0,0.0,0.0,0.0,0.0,0.0,0.0,0.0,2.1,19.4,0.1,0.0,0.0,1.1,0.0,0.0,0.0,C-Game
2018,15,switzr1,Ryan Switzer,WR,PIT,NE,23.1,16,3.5,0.0,0.0,0.0,0.0,0.0,0.4,1.9,0.0,1.2,18.4,0.1,0.0,0.1,0.8,0.0,0.0,0.0,C-Game
2018,15,pascaz1,Zach Pascal,WR,IND,DAL,19.8,9,3.4,0.0,0.0,0.0,0.0,0.0,0.0,0.0,0.0,2.1,19.7,0.1,0.0,0.0,1.1,0.0,0.0,0.0,C-Game
2018,15,butleb1,Brice Butler,WR,MIA,@MIN,13.7,1,3.3,0.0,0.0,0.0,0.0,0.0,0.0,0.0,0.0,1.6,17.3,0.1,0.0,0.0,0.9,0.0,0.0,0.0,C-Game
2018,15,stbroe1,Equanimeous St. Brown,WR,GB,@CHI,22.0,12,3.2,0.0,0.0,0.0,0.0,0.0,0.0,0.0,0.0,1.3,20.3,0.1,0.0,0.0,0.9,0.0,0.0,0.0,C-Game
2018,15,hoganc1,Chris Hogan,WR,NE,@PIT,18.9,5,3.1,0.0,0.0,0.0,0.0,0.0,0.0,0.0,0.0,1.1,17.9,0.1,0.0,0.0,0.8,0.0,0.0,0.0,C-Game
2018,15,harrim6,Maurice Harris,WR,WAS,@JAX,19.0,6,3.0,0.0,0.0,0.0,0.0,0.0,0.2,1.2,0.0,1.6,18.4,0.0,0.0,0.0,1.0,0.0,0.0,0.0,C-Game
2018,15,fowleb1,Bennie Fowler,WR,NYG,TEN,25.8,24,3.0,0.0,0.0,0.0,0.0,0.0,0.0,0.0,0.0,1.4,13.6,0.2,0.0,0.0,0.8,0.0,0.0,0.0,C-Game
2018,15,grantr3,Ryan Grant,WR,IND,DAL,19.8,9,2.9,0.0,0.0,0.0,0.0,0.0,0.0,0.0,0.0,1.6,18.2,0.1,0.0,0.0,0.9,0.0,0.0,0.0,C-Game
2018,15,corec1,Cody Core,WR,CIN,OAK,19.0,7,2.9,0.0,0.0,0.0,0.0,0.0,0.0,0.0,0.0,1.3,16.2,0.1,0.0,0.0,0.8,0.0,0.0,0.0,C-Game
2018,15,brownj4,Jaron Brown,WR,SEA,@SF,26.4,27,2.8,0.0,0.0,0.0,0.0,0.0,0.0,0.0,0.0,1.0,11.3,0.2,0.0,0.0,0.6,0.0,0.0,0.0,C-Game
2018,15,matthj2,Jordan Matthews,WR,PHI,@LAR,24.6,23,2.7,0.0,0.0,0.0,0.0,0.0,0.0,0.0,0.0,1.3,16.3,0.1,0.0,0.0,0.8,0.0,0.0,0.0,C-Game
2018,15,treadl1,Laquon Treadwell,WR,MIN,MIA,26.3,26,2.7,0.0,0.0,0.0,0.0,0.0,0.0,0.0,0.0,1.3,16.3,0.1,0.0,0.0,0.8,0.0,0.0,0.0,C-Game
2018,15,shepar1,Russell Shepard,WR,NYG,TEN,25.8,24,2.5,0.0,0.0,0.0,0.0,0.0,0.0,0.0,0.0,0.7,12.4,0.1,0.0,0.0,0.5,0.0,0.0,0.0,C-Game
2018,15,matthr1,Rishard Matthews,WR,NYJ,HOU,23.3,19,2.2,0.0,0.0,0.0,0.0,0.0,0.0,0.0,0.0,1.0,14.6,0.0,0.0,0.0,0.7,0.0,0.0,0.0,C-Game
2018,15,robina1,Aldrick Robinson,WR,MIN,MIA,26.3,26,2.1,0.0,0.0,0.0,0.0,0.0,0.0,0.0,0.0,0.8,10.9,0.1,0.0,0.0,0.5,0.0,0.0,0.0,C-Game
2018,15,wrighj2,Jarius Wright,WR,CAR,NO,23.4,20,2.0,0.0,0.0,0.0,0.0,0.0,0.0,0.0,0.0,1.2,12.4,0.0,0.0,0.0,0.7,0.0,0.0,0.0,C-Game
2018,15,greenr1,Rashad Greene,WR,JAX,WAS,26.5,28,2.0,0.0,0.0,0.0,0.0,0.0,0.0,0.0,0.0,1.1,11.0,0.1,0.0,0.0,0.6,0.0,0.0,0.0,C-Game
2018,15,pattec1,Cordarrelle Patterson,WR,NE,@PIT,18.9,5,1.8,0.0,0.0,0.0,0.0,0.0,0.0,0.0,0.0,1.0,13.4,0.0,0.0,0.0,0.6,0.0,0.0,0.0,C-Game
2018,15,thompd1,Deonte Thompson,WR,BUF,DET,27.8,30,1.8,0.0,0.0,0.0,0.0,0.0,0.0,0.0,0.0,0.8,11.4,0.1,0.0,0.0,0.5,0.0,0.0,0.0,C-Game
2018,15,floydm3,Michael Floyd,WR,WAS,@JAX,19.0,6,1.6,0.0,0.0,0.0,0.0,0.0,0.0,0.0,0.0,0.9,9.2,0.0,0.0,0.0,0.5,0.0,0.0,0.0,C-Game
2018,15,batsoc1,Cameron Batson,WR,TEN,@NYG,22.9,15,1.6,0.0,0.0,0.0,0.0,0.0,0.0,0.0,0.0,1.0,11.1,0.0,0.0,0.0,0.6,0.0,0.0,0.0,C-Game
2018,15,carra1,Austin Carr,WR,NO,@CAR,26.8,29,1.6,0.0,0.0,0.0,0.0,0.0,0.0,0.0,0.0,0.8,8.7,0.1,0.0,0.0,0.5,0.0,0.0,0.0,C-Game
2018,15,tollij1,Jalen Tolliver,WR,ARI,@ATL,22.4,13,1.5,0.0,0.0,0.0,0.0,0.0,0.0,0.0,0.0,0.8,8.6,0.0,0.0,0.0,0.5,0.0,0.0,0.0,C-Game
2018,15,wilsob2,Bobo Wilson,WR,TB,@BAL,14.6,2,1.5,0.0,0.0,0.0,0.0,0.0,0.0,0.0,0.0,0.9,10.4,0.0,0.0,0.0,0.6,0.0,0.0,0.0,C-Game
2018,15,hardyj2,Justin Hardy,WR,ATL,ARI,22.8,14,1.5,0.0,0.0,0.0,0.0,0.0,0.0,0.0,0.0,0.9,8.4,0.0,0.0,0.0,0.5,0.0,0.0,0.0,C-Game
2018,15,tatea1,Auden Tate,WR,CIN,OAK,19.0,7,1.4,0.0,0.0,0.0,0.0,0.0,0.0,0.0,0.0,0.7,7.6,0.1,0.0,0.0,0.4,0.0,0.0,0.0,C-Game
2018,15,peakec1,Charone Peake,WR,NYJ,HOU,23.3,19,1.4,0.0,0.0,0.0,0.0,0.0,0.0,0.0,0.0,0.8,8.3,0.0,0.0,0.0,0.4,0.0,0.0,0.0,C-Game
2018,15,harrid1,Dwayne Harris,WR,OAK,@CIN,19.2,8,1.4,0.0,0.0,0.0,0.0,0.0,0.3,2.3,0.0,0.7,7.8,0.0,0.0,0.1,0.4,0.0,0.0,0.0,C-Game
2018,15,ericka1,Alex Erickson,WR,CIN,OAK,19.0,7,1.3,0.0,0.0,0.0,0.0,0.0,0.5,2.5,0.0,0.5,6.5,0.0,0.0,0.1,0.3,0.0,0.0,0.0,C-Game
2018,15,hallm2,Marvin Hall,WR,ATL,ARI,22.8,14,1.3,0.0,0.0,0.0,0.0,0.0,0.0,0.0,0.0,0.8,7.0,0.0,0.0,0.0,0.4,0.0,0.0,0.0,C-Game
2018,15,ratled1,Damion Ratley,WR,CLE,@DEN,24.0,22,1.1,0.0,0.0,0.0,0.0,0.0,0.0,0.0,0.0,0.7,8.0,0.0,0.0,0.0,0.4,0.0,0.0,0.0,C-Game
2018,15,benjak1,Kelvin Benjamin,WR,KC,LAC,17.6,3,1.1,0.0,0.0,0.0,0.0,0.0,0.0,0.0,0.0,0.5,6.0,0.0,0.0,0.0,0.3,0.0,0.0,0.0,C-Game
2018,15,jamesr1,Richie James,WR,SF,SEA,23.6,21,1.0,0.0,0.0,0.0,0.0,0.0,0.0,0.0,0.0,0.5,6.9,0.0,0.0,0.0,0.3,0.0,0.0,0.0,C-Game
2018,15,thomad7,DeAnthony Thomas,WR,KC,LAC,17.6,3,0.9,0.0,0.0,0.0,0.0,0.0,0.0,0.0,0.0,0.4,3.0,0.1,0.0,0.0,0.2,0.0,0.0,0.0,C-Game
2018,15,washij1,James Washington,WR,PIT,NE,23.1,16,0.9,0.0,0.0,0.0,0.0,0.0,0.0,0.0,0.0,0.5,6.1,0.0,0.0,0.0,0.3,0.0,0.0,0.0,C-Game
2018,15,taylot4,Trent Taylor,WR,SF,SEA,23.6,21,0.9,0.0,0.0,0.0,0.0,0.0,0.0,0.0,0.0,0.6,5.5,0.0,0.0,0.0,0.3,0.0,0.0,0.0,C-Game
2018,15,cracrr1,River Cracraft,WR,DEN,CLE,20.1,10,0.8,0.0,0.0,0.0,0.0,0.0,0.0,0.0,0.0,0.4,4.8,0.0,0.0,0.0,0.3,0.0,0.0,0.0,C-Game
2018,15,dorsep1,Phillip Dorsett,WR,NE,@PIT,18.9,5,0.8,0.0,0.0,0.0,0.0,0.0,0.0,0.0,0.0,0.5,6.0,0.0,0.0,0.0,0.3,0.0,0.0,0.0,C-Game
2018,15,hurnsa1,Allen Hurns,WR,DAL,@IND,21.0,11,0.7,0.0,0.0,0.0,0.0,0.0,0.0,0.0,0.0,0.5,5.2,0.0,0.0,0.0,0.3,0.0,0.0,0.0,C-Game
2018,15,smitht7,Torrey Smith,WR,CAR,NO,23.4,20,0.7,0.0,0.0,0.0,0.0,0.0,0.0,0.0,0.0,0.5,5.0,0.0,0.0,0.0,0.3,0.0,0.0,0.0,C-Game
2018,15,moorec1,Chris Moore,WR,BAL,TB,23.2,18,0.6,0.0,0.0,0.0,0.0,0.0,0.0,0.0,0.0,0.4,3.8,0.0,0.0,0.0,0.2,0.0,0.0,0.0,C-Game
2018,15,watsoj1,Justin Watson,WR,TB,@BAL,14.6,2,0.4,0.0,0.0,0.0,0.0,0.0,0.0,0.0,0.0,0.2,2.6,0.0,0.0,0.0,0.1,0.0,0.0,0.0,C-Game
2018,15,ellinb1,Bruce Ellington,WR,DET,@BUF,18.1,4,0.2,0.0,0.0,0.0,0.0,0.0,0.3,1.6,0.0,0.0,0.0,0.0,0.0,0.1,0.0,0.0,0.0,0.0,C-Game
2018,15,kelcet1,Travis Kelce,TE,KC,LAC,5.2,8,14.7,0.0,0.0,0.0,0.0,0.0,0.0,0.0,0.0,6.6,83.1,0.5,0.0,0.0,4.2,0.0,0.0,0.0,A-Game
2018,15,ertzz1,Zach Ertz,TE,PHI,@LAR,8.5,21,13.8,0.0,0.0,0.0,0.0,0.0,0.0,0.0,0.0,7.5,73.4,0.5,0.0,0.0,4.0,0.1,0.0,0.0,A-Game
2018,15,kittlg1,George Kittle,TE,SF,SEA,6.2,12,12.8,0.0,0.0,0.0,0.0,0.0,0.0,0.0,0.0,5.5,84.6,0.3,0.0,0.0,4.1,0.0,0.0,0.0,A-Game
2018,15,ebrone1,Eric Ebron,TE,IND,DAL,9.2,22,11.9,0.0,0.0,0.0,0.0,0.0,0.0,0.0,0.0,4.7,57.6,0.6,0.0,0.0,3.0,0.0,0.0,0.0,A-Game
2018,15,gronkr1,Rob Gronkowski,TE,NE,@PIT,9.5,25,11.0,0.0,0.0,0.0,0.0,0.0,0.0,0.0,0.0,4.4,65.5,0.4,0.0,0.0,3.2,0.0,0.0,0.0,A-Game
2018,15,cookj2,Jared Cook,TE,OAK,@CIN,8.0,18,10.7,0.0,0.0,0.0,0.0,0.0,0.0,0.0,0.0,4.4,59.5,0.4,0.0,0.0,3.0,0.0,0.0,0.0,A-Game
2018,15,engrae1,Evan Engram,TE,NYG,TEN,3.1,2,9.5,0.0,0.0,0.0,0.0,0.0,0.0,0.0,0.0,4.4,58.3,0.3,0.0,0.0,2.9,0.0,0.0,0.0,A-Game
2018,15,njokud1,David Njoku,TE,CLE,@DEN,9.2,23,7.5,0.0,0.0,0.0,0.0,0.0,0.0,0.0,0.0,3.9,41.4,0.2,0.0,0.0,2.2,0.0,0.0,0.0,B-Game
2018,15,uzomac1,C.J. Uzomah,TE,CIN,OAK,12.8,32,7.3,0.0,0.0,0.0,0.0,0.0,0.0,0.0,0.0,4.4,36.7,0.2,0.0,0.0,2.1,0.0,0.0,0.0,B-Game
2018,15,davisv1,Vernon Davis,TE,WAS,@JAX,5.8,9,7.2,0.0,0.0,0.0,0.0,0.0,0.0,0.0,0.0,4.0,44.1,0.1,0.0,0.0,2.3,0.0,0.0,0.0,B-Game
2018,15,hoopea1,Austin Hooper,TE,ATL,ARI,3.6,3,7.2,0.0,0.0,0.0,0.0,0.0,0.0,0.0,0.0,4.3,36.3,0.2,0.0,0.0,2.1,0.0,0.0,0.0,B-Game
2018,15,mcdonv1,Vance McDonald,TE,PIT,NE,10.4,29,7.1,0.0,0.0,0.0,0.0,0.0,0.0,0.0,0.0,3.2,39.9,0.3,0.0,0.0,2.0,0.0,0.0,0.0,B-Game
2018,15,bratec1,Cameron Brate,TE,TB,@BAL,10.1,28,6.9,0.0,0.0,0.0,0.0,0.0,0.0,0.0,0.0,2.6,26.1,0.5,0.0,0.0,1.4,0.0,0.0,0.0,B-Game
2018,15,herndc1,Chris Herndon,TE,NYJ,HOU,9.6,26,6.7,0.0,0.0,0.0,0.0,0.0,0.0,0.0,0.0,3.3,36.5,0.2,0.0,0.0,1.9,0.0,0.0,0.0,B-Game
2018,15,rudolk1,Kyle Rudolph,TE,MIN,MIA,11.8,30,6.7,0.0,0.0,0.0,0.0,0.0,0.0,0.0,0.0,3.3,35.4,0.3,0.0,0.0,1.9,0.0,0.0,0.0,B-Game
2018,15,burtot1,Trey Burton,TE,CHI,GB,5.0,6,6.6,0.0,0.0,0.0,0.0,0.0,0.0,0.0,0.0,2.9,34.4,0.3,0.0,0.0,1.8,0.0,0.0,0.0,B-Game
2018,15,grahaj1,Jimmy Graham,TE,GB,@CHI,7.3,14,6.5,0.0,0.0,0.0,0.0,0.0,0.0,0.0,0.0,3.0,40.6,0.2,0.0,0.0,2.0,0.0,0.0,0.0,C-Game
2018,15,thomai1,Ian Thomas,TE,CAR,NO,4.7,5,5.8,0.0,0.0,0.0,0.0,0.0,0.0,0.0,0.0,2.7,28.6,0.3,0.0,0.0,1.5,0.0,0.0,0.0,C-Game
2018,15,evereg1,Gerald Everett,TE,LAR,PHI,7.4,16,5.3,0.0,0.0,0.0,0.0,0.0,0.0,0.0,0.0,1.9,24.8,0.3,0.0,0.0,1.3,0.0,0.0,0.0,C-Game
2018,15,firksa1,Anthony Firkser,TE,TEN,@NYG,5.1,7,5.0,0.0,0.0,0.0,0.0,0.0,0.0,0.0,0.0,2.3,28.7,0.2,0.0,0.0,1.5,0.0,0.0,0.0,C-Game
2018,15,sealsr1,Ricky Seals-Jones,TE,ARI,@ATL,6.6,13,4.9,0.0,0.0,0.0,0.0,0.0,0.0,0.0,0.0,2.8,30.0,0.1,0.0,0.0,1.6,0.0,0.0,0.0,C-Game
2018,15,thomaj3,Jordan Thomas,TE,HOU,@NYJ,7.3,15,4.6,0.0,0.0,0.0,0.0,0.0,0.0,0.0,0.0,2.0,19.3,0.3,0.0,0.0,1.1,0.0,0.0,0.0,C-Game
2018,15,toilol1,Levine Toilolo,TE,DET,@BUF,2.9,1,4.5,0.0,0.0,0.0,0.0,0.0,0.0,0.0,0.0,2.4,25.6,0.1,0.0,0.0,1.4,0.0,0.0,0.0,C-Game
2018,15,gatesa1,Antonio Gates,TE,LAC,@KC,12.7,31,4.5,0.0,0.0,0.0,0.0,0.0,0.0,0.0,0.0,2.1,24.2,0.2,0.0,0.0,1.3,0.0,0.0,0.0,C-Game
2018,15,jamesj2,Jesse James,TE,PIT,NE,10.4,29,4.4,0.0,0.0,0.0,0.0,0.0,0.0,0.0,0.0,2.1,24.6,0.1,0.0,0.0,1.3,0.0,0.0,0.0,C-Game
2018,15,andrem1,Mark Andrews,TE,BAL,TB,7.8,17,4.4,0.0,0.0,0.0,0.0,0.0,0.0,0.0,0.0,2.1,25.8,0.1,0.0,0.0,1.3,0.0,0.0,0.0,C-Game
2018,15,goeded1,Dallas Goedert,TE,PHI,@LAR,8.5,21,4.3,0.0,0.0,0.0,0.0,0.0,0.0,0.0,0.0,2.0,21.7,0.2,0.0,0.0,1.2,0.0,0.0,0.0,C-Game
2018,15,jarwib1,Blake Jarwin,TE,DAL,@IND,9.9,27,4.2,0.0,0.0,0.0,0.0,0.0,0.0,0.0,0.0,2.1,22.0,0.2,0.0,0.0,1.2,0.0,0.0,0.0,C-Game
2018,15,watsob1,Ben Watson,TE,NO,@CAR,9.2,24,4.2,0.0,0.0,0.0,0.0,0.0,0.0,0.0,0.0,2.1,23.2,0.2,0.0,0.0,1.2,0.0,0.0,0.0,C-Game
2018,15,lacosm1,Matt LaCosse,TE,DEN,CLE,8.1,19,4.2,0.0,0.0,0.0,0.0,0.0,0.0,0.0,0.0,2.2,24.0,0.1,0.0,0.0,1.3,0.0,0.0,0.0,C-Game
2018,15,hillj4,Josh Hill,TE,NO,@CAR,9.2,24,4.1,0.0,0.0,0.0,0.0,0.0,0.0,0.0,0.0,1.9,23.2,0.1,0.0,0.0,1.2,0.0,0.0,0.0,C-Game
2018,15,higbet1,Tyler Higbee,TE,LAR,PHI,7.4,16,4.1,0.0,0.0,0.0,0.0,0.0,0.0,0.0,0.0,1.8,20.1,0.2,0.0,0.0,1.1,0.0,0.0,0.0,C-Game
2018,15,griffr2,Ryan Griffin,TE,HOU,@NYJ,7.3,15,4.1,0.0,0.0,0.0,0.0,0.0,0.0,0.0,0.0,1.8,26.5,0.1,0.0,0.0,1.3,0.0,0.0,0.0,C-Game
2018,15,clayc1,Charles Clay,TE,BUF,DET,8.3,20,4.0,0.0,0.0,0.0,0.0,0.0,0.0,0.0,0.0,2.4,19.9,0.2,0.0,0.0,1.2,0.0,0.0,0.0,C-Game
2018,15,oshauj1,James O'Shaughnessy,TE,JAX,WAS,5.9,10,3.9,0.0,0.0,0.0,0.0,0.0,0.0,0.0,0.0,1.9,23.1,0.1,0.0,0.0,1.2,0.0,0.0,0.0,C-Game
2018,15,aliecm1,Mo Alie-Cox,TE,IND,DAL,9.2,22,3.8,0.0,0.0,0.0,0.0,0.0,0.0,0.0,0.0,0.9,19.7,0.2,0.0,0.0,0.9,0.0,0.0,0.0,C-Game
2018,15,vannen1,Nick Vannett,TE,SEA,@SF,4.2,4,3.7,0.0,0.0,0.0,0.0,0.0,0.0,0.0,0.0,1.9,20.2,0.1,0.0,0.0,1.1,0.0,0.0,0.0,C-Game
2018,15,dickse1,Ed Dickson,TE,SEA,@SF,4.2,4,3.1,0.0,0.0,0.0,0.0,0.0,0.0,0.0,0.0,1.1,18.0,0.1,0.0,0.0,0.9,0.0,0.0,0.0,C-Game
2018,15,ellisr1,Rhett Ellison,TE,NYG,TEN,3.1,2,3.0,0.0,0.0,0.0,0.0,0.0,0.0,0.0,0.0,1.4,13.6,0.2,0.0,0.0,0.7,0.0,0.0,0.0,C-Game
2018,15,harrid3,Demetrius Harris,TE,KC,LAC,5.2,8,2.7,0.0,0.0,0.0,0.0,0.0,0.0,0.0,0.0,1.0,12.1,0.2,0.0,0.0,0.6,0.0,0.0,0.0,C-Game
2018,15,greenv1,Virgil Green,TE,LAC,@KC,12.7,31,2.6,0.0,0.0,0.0,0.0,0.0,0.0,0.0,0.0,1.3,15.1,0.1,0.0,0.0,0.8,0.0,0.0,0.0,C-Game
2018,15,gesicm1,Mike Gesicki,TE,MIA,@MIN,6.0,11,2.5,0.0,0.0,0.0,0.0,0.0,0.0,0.0,0.0,1.5,11.9,0.1,0.0,0.0,0.7,0.0,0.0,0.0,C-Game
2018,15,stockl1,Luke Stocker,TE,TEN,@NYG,5.1,7,2.5,0.0,0.0,0.0,0.0,0.0,0.0,0.0,0.0,1.2,11.1,0.1,0.0,0.0,0.6,0.0,0.0,0.0,C-Game
2018,15,olearn1,Nick O'Leary,TE,MIA,@MIN,6.0,11,2.3,0.0,0.0,0.0,0.0,0.0,0.0,0.0,0.0,1.1,10.8,0.1,0.0,0.0,0.6,0.0,0.0,0.0,C-Game
2018,15,boylen1,Nick Boyle,TE,BAL,TB,7.8,17,2.0,0.0,0.0,0.0,0.0,0.0,0.0,0.0,0.0,1.2,12.1,0.0,0.0,0.0,0.7,0.0,0.0,0.0,C-Game
2018,15,schuld1,Dalton Schultz,TE,DAL,@IND,9.9,27,1.9,0.0,0.0,0.0,0.0,0.0,0.0,0.0,0.0,1.0,10.4,0.1,0.0,0.0,0.6,0.0,0.0,0.0,C-Game
2018,15,roberm1,Michael Roberts,TE,DET,@BUF,2.9,1,1.9,0.0,0.0,0.0,0.0,0.0,0.0,0.0,0.0,1.0,10.7,0.1,0.0,0.0,0.6,0.0,0.0,0.0,C-Game
2018,15,greshj1,Jermaine Gresham,TE,ARI,@ATL,6.6,13,1.7,0.0,0.0,0.0,0.0,0.0,0.0,0.0,0.0,1.0,10.7,0.0,0.0,0.0,0.6,0.0,0.0,0.0,C-Game
2018,15,shahea1,Adam Shaheen,TE,CHI,GB,5.0,6,1.6,0.0,0.0,0.0,0.0,0.0,0.0,0.0,0.0,0.9,7.4,0.1,0.0,0.0,0.4,0.0,0.0,0.0,C-Game
2018,15,parkeb1,Brian Parker,TE,DEN,CLE,8.1,19,1.5,0.0,0.0,0.0,0.0,0.0,0.0,0.0,0.0,0.9,7.2,0.1,0.0,0.0,0.4,0.0,0.0,0.0,C-Game
2018,15,kendrl1,Lance Kendricks,TE,GB,@CHI,7.3,14,1.5,0.0,0.0,0.0,0.0,0.0,0.0,0.0,0.0,0.9,8.1,0.0,0.0,0.0,0.5,0.0,0.0,0.0,C-Game
2018,15,fellsd2,Darren Fells,TE,CLE,@DEN,9.2,23,1.4,0.0,0.0,0.0,0.0,0.0,0.0,0.0,0.0,0.7,8.0,0.1,0.0,0.0,0.4,0.0,0.0,0.0,C-Game
2018,15,bellb1,Blake Bell,TE,JAX,WAS,5.9,10,1.3,0.0,0.0,0.0,0.0,0.0,0.0,0.0,0.0,0.6,7.7,0.0,0.0,0.0,0.4,0.0,0.0,0.0,C-Game
2018,15,smithl1,Lee Smith,TE,OAK,@CIN,8.0,18,1.3,0.0,0.0,0.0,0.0,0.0,0.0,0.0,0.0,0.7,5.2,0.1,0.0,0.0,0.3,0.0,0.0,0.0,C-Game
2018,15,manhec1,Chris Manhertz,TE,CAR,NO,4.7,5,1.3,0.0,0.0,0.0,0.0,0.0,0.0,0.0,0.0,0.7,5.0,0.1,0.0,0.0,0.3,0.0,0.0,0.0,C-Game
2018,15,lengem1,Matt Lengel,TE,CIN,OAK,12.8,32,1.3,0.0,0.0,0.0,0.0,0.0,0.0,0.0,0.0,0.7,6.5,0.1,0.0,0.0,0.4,0.0,0.0,0.0,C-Game
2018,15,leggej1,Jordan Leggett,TE,NYJ,HOU,9.6,26,1.3,0.0,0.0,0.0,0.0,0.0,0.0,0.0,0.0,0.8,6.3,0.0,0.0,0.0,0.4,0.0,0.0,0.0,C-Game
2018,15,willsl1,Luke Willson,TE,DET,@BUF,2.9,1,1.3,0.0,0.0,0.0,0.0,0.0,0.0,0.0,0.0,0.9,6.4,0.0,0.0,0.0,0.4,0.0,0.0,0.0,C-Game
2018,15,carrid1,Derek Carrier,TE,OAK,@CIN,8.0,18,1.2,0.0,0.0,0.0,0.0,0.0,0.0,0.0,0.0,0.9,7.8,0.0,0.0,0.0,0.4,0.0,0.0,0.0,C-Game
2018,15,pruitm1,MyCole Pruitt,TE,TEN,@NYG,5.1,7,1.2,0.0,0.0,0.0,0.0,0.0,0.0,0.0,0.0,0.6,6.6,0.0,0.0,0.0,0.4,0.0,0.0,0.0,C-Game
2018,15,auclaa1,Antony Auclair,TE,TB,@BAL,10.1,28,1.2,0.0,0.0,0.0,0.0,0.0,0.0,0.0,0.0,0.8,7.8,0.0,0.0,0.0,0.4,0.0,0.0,0.0,C-Game
2018,15,tomlie1,Eric Tomlinson,TE,NYJ,HOU,9.6,26,1.2,0.0,0.0,0.0,0.0,0.0,0.0,0.0,0.0,0.7,5.2,0.1,0.0,0.0,0.3,0.0,0.0,0.0,C-Game
2018,15,croomj1,Jason Croom,TE,BUF,DET,8.3,20,1.0,0.0,0.0,0.0,0.0,0.0,0.0,0.0,0.0,0.6,5.7,0.0,0.0,0.0,0.3,0.0,0.0,0.0,C-Game
2018,15,celekg1,Garrett Celek,TE,SF,SEA,6.2,12,0.8,0.0,0.0,0.0,0.0,0.0,0.0,0.0,0.0,0.3,2.8,0.1,0.0,0.0,0.2,0.0,0.0,0.0,C-Game
2018,15,smythd1,Durham Smythe,TE,MIA,@MIN,6.0,11,0.8,0.0,0.0,0.0,0.0,0.0,0.0,0.0,0.0,0.4,4.3,0.0,0.0,0.0,0.2,0.0,0.0,0.0,C-Game
2018,15,conklt1,Tyler Conklin,TE,MIN,MIA,11.8,30,0.8,0.0,0.0,0.0,0.0,0.0,0.0,0.0,0.0,0.5,5.4,0.0,0.0,0.0,0.3,0.0,0.0,0.0,C-Game
2018,15,lewism2,Marcedes Lewis,TE,GB,@CHI,7.3,14,0.8,0.0,0.0,0.0,0.0,0.0,0.0,0.0,0.0,0.4,5.4,0.0,0.0,0.0,0.3,0.0,0.0,0.0,C-Game
2018,15,leek1,Khari Lee,TE,BUF,DET,8.3,20,0.7,0.0,0.0,0.0,0.0,0.0,0.0,0.0,0.0,0.4,3.8,0.0,0.0,0.0,0.2,0.0,0.0,0.0,C-Game
2018,15,akinsj1,Jordan Akins,TE,HOU,@NYJ,7.3,15,0.7,0.0,0.0,0.0,0.0,0.0,0.0,0.0,0.0,0.4,4.8,0.0,0.0,0.0,0.2,0.0,0.0,0.0,C-Game
2018,15,tonyar1,Robert Tonyan,TE,GB,@CHI,7.3,14,0.6,0.0,0.0,0.0,0.0,0.0,0.0,0.0,0.0,0.2,4.1,0.0,0.0,0.0,0.2,0.0,0.0,0.0,C-Game
2018,15,saubee1,Eric Saubert,TE,ATL,ARI,3.6,3,0.4,0.0,0.0,0.0,0.0,0.0,0.0,0.0,0.0,0.3,2.8,0.0,0.0,0.0,0.1,0.0,0.0,0.0,C-Game
2018,15,gather1,Rico Gathers,TE,DAL,@IND,9.9,27,0.4,0.0,0.0,0.0,0.0,0.0,0.0,0.0,0.0,0.2,2.6,0.0,0.0,0.0,0.1,0.0,0.0,0.0,C-Game
2018,15,zuerlg1,Greg Zuerlein,K,LAR,PHI,8.6,29,8.7,0.0,0.0,0.0,0.0,0.0,0.0,0.0,0.0,0.0,0.0,0.0,0.0,0.0,0.0,0.0,3.6,1.7,A-Game
2018,15,lutzw1,Wil Lutz,K,NO,@CAR,8.4,28,8.1,0.0,0.0,0.0,0.0,0.0,0.0,0.0,0.0,0.0,0.0,0.0,0.0,0.0,0.0,0.0,3.3,1.6,A-Game
2018,15,bryanm1,Matt Bryant,K,ATL,ARI,7.0,15,8.0,0.0,0.0,0.0,0.0,0.0,0.0,0.0,0.0,0.0,0.0,0.0,0.0,0.0,0.0,0.0,2.9,1.7,A-Game
2018,15,tuckej1,Justin Tucker,K,BAL,TB,7.0,18,7.9,0.0,0.0,0.0,0.0,0.0,0.0,0.0,0.0,0.0,0.0,0.0,0.0,0.0,0.0,0.0,3.0,1.7,A-Game
2018,15,butkeh1,Harrison Butker,K,KC,LAC,7.2,20,7.9,0.0,0.0,0.0,0.0,0.0,0.0,0.0,0.0,0.0,0.0,0.0,0.0,0.0,0.0,0.0,3.2,1.6,A-Game
2018,15,fairbk1,Ka'imi Fairbairn,K,HOU,@NYJ,9.5,31,7.7,0.0,0.0,0.0,0.0,0.0,0.0,0.0,0.0,0.0,0.0,0.0,0.0,0.0,0.0,0.0,2.5,1.7,B-Game
2018,15,janiks1,Sebastian Janikowski,K,SEA,@SF,7.9,26,7.7,0.0,0.0,0.0,0.0,0.0,0.0,0.0,0.0,0.0,0.0,0.0,0.0,0.0,0.0,0.0,2.7,1.7,B-Game
2018,15,gostks1,Stephen Gostkowski,K,NE,@PIT,6.9,13,7.7,0.0,0.0,0.0,0.0,0.0,0.0,0.0,0.0,0.0,0.0,0.0,0.0,0.0,0.0,0.0,3.1,1.5,B-Game
2018,15,parkec1,Cody Parkey,K,CHI,GB,7.7,24,7.7,0.0,0.0,0.0,0.0,0.0,0.0,0.0,0.0,0.0,0.0,0.0,0.0,0.0,0.0,0.0,2.7,1.7,B-Game
2018,15,badglm1,Mike Badgley,K,LAC,@KC,7.6,23,7.5,0.0,0.0,0.0,0.0,0.0,0.0,0.0,0.0,0.0,0.0,0.0,0.0,0.0,0.0,0.0,2.8,1.6,B-Game
2018,15,bailed1,Dan Bailey,K,MIN,MIA,7.1,19,7.5,0.0,0.0,0.0,0.0,0.0,0.0,0.0,0.0,0.0,0.0,0.0,0.0,0.0,0.0,0.0,2.7,1.6,B-Game
2018,15,mcmanb1,Brandon McManus,K,DEN,CLE,7.8,25,7.5,0.0,0.0,0.0,0.0,0.0,0.0,0.0,0.0,0.0,0.0,0.0,0.0,0.0,0.0,0.0,2.6,1.6,B-Game
2018,15,bullor1,Randy Bullock,K,CIN,OAK,8.0,27,7.5,0.0,0.0,0.0,0.0,0.0,0.0,0.0,0.0,0.0,0.0,0.0,0.0,0.0,0.0,0.0,2.6,1.6,B-Game
2018,15,vinata1,Adam Vinatieri,K,IND,DAL,6.9,14,7.4,0.0,0.0,0.0,0.0,0.0,0.0,0.0,0.0,0.0,0.0,0.0,0.0,0.0,0.0,0.0,2.7,1.6,B-Game
2018,15,boswec1,Chris Boswell,K,PIT,NE,7.0,17,7.3,0.0,0.0,0.0,0.0,0.0,0.0,0.0,0.0,0.0,0.0,0.0,0.0,0.0,0.0,0.0,2.9,1.5,B-Game
2018,15,rosasa1,Aldrick Rosas,K,NYG,TEN,5.7,5,7.2,0.0,0.0,0.0,0.0,0.0,0.0,0.0,0.0,0.0,0.0,0.0,0.0,0.0,0.0,0.0,2.4,1.6,B-Game
2018,15,maherb1,Brett Maher,K,DAL,@IND,7.5,22,7.2,0.0,0.0,0.0,0.0,0.0,0.0,0.0,0.0,0.0,0.0,0.0,0.0,0.0,0.0,0.0,2.3,1.6,B-Game
2018,15,succor1,Ryan Succop,K,TEN,@NYG,9.6,32,7.2,0.0,0.0,0.0,0.0,0.0,0.0,0.0,0.0,0.0,0.0,0.0,0.0,0.0,0.0,0.0,2.1,1.7,B-Game
2018,15,carlsd1,Daniel Carlson,K,OAK,@CIN,9.2,30,7.0,0.0,0.0,0.0,0.0,0.0,0.0,0.0,0.0,0.0,0.0,0.0,0.0,0.0,0.0,0.0,2.3,1.6,B-Game
2018,15,forbak1,Kai Forbath,K,JAX,WAS,5.9,6,7.0,0.0,0.0,0.0,0.0,0.0,0.0,0.0,0.0,0.0,0.0,0.0,0.0,0.0,0.0,0.0,2.1,1.6,B-Game
2018,15,josepg1,Greg Joseph,K,CLE,@DEN,6.7,10,6.9,0.0,0.0,0.0,0.0,0.0,0.0,0.0,0.0,0.0,0.0,0.0,0.0,0.0,0.0,0.0,2.3,1.5,B-Game
2018,15,hauscs1,Steven Hauschka,K,BUF,DET,4.0,1,6.8,0.0,0.0,0.0,0.0,0.0,0.0,0.0,0.0,0.0,0.0,0.0,0.0,0.0,0.0,0.0,2.0,1.6,B-Game
2018,15,crosbm1,Mason Crosby,K,GB,@CHI,5.2,4,6.7,0.0,0.0,0.0,0.0,0.0,0.0,0.0,0.0,0.0,0.0,0.0,0.0,0.0,0.0,0.0,2.0,1.6,B-Game
2018,15,catanc1,Chandler Catanzaro,K,CAR,NO,4.1,2,6.6,0.0,0.0,0.0,0.0,0.0,0.0,0.0,0.0,0.0,0.0,0.0,0.0,0.0,0.0,0.0,2.4,1.4,B-Game
2018,15,pratem1,Matt Prater,K,DET,@BUF,6.8,12,6.5,0.0,0.0,0.0,0.0,0.0,0.0,0.0,0.0,0.0,0.0,0.0,0.0,0.0,0.0,0.0,1.8,1.6,B-Game
2018,15,gouldr1,Robbie Gould,K,SF,SEA,4.5,3,6.4,0.0,0.0,0.0,0.0,0.0,0.0,0.0,0.0,0.0,0.0,0.0,0.0,0.0,0.0,0.0,2.0,1.5,B-Game
2018,15,santoc1,Cairo Santos,K,TB,@BAL,5.9,7,6.4,0.0,0.0,0.0,0.0,0.0,0.0,0.0,0.0,0.0,0.0,0.0,0.0,0.0,0.0,0.0,2.1,1.4,B-Game
2018,15,sandej1,Jason Sanders,K,MIA,@MIN,6.8,11,6.3,0.0,0.0,0.0,0.0,0.0,0.0,0.0,0.0,0.0,0.0,0.0,0.0,0.0,0.0,0.0,1.8,1.5,B-Game
2018,15,ellioj1,Jake Elliott,K,PHI,@LAR,7.4,21,6.2,0.0,0.0,0.0,0.0,0.0,0.0,0.0,0.0,0.0,0.0,0.0,0.0,0.0,0.0,0.0,2.2,1.3,B-Game
2018,15,myersj1,Jason Myers,K,NYJ,HOU,6.2,9,6.1,0.0,0.0,0.0,0.0,0.0,0.0,0.0,0.0,0.0,0.0,0.0,0.0,0.0,0.0,0.0,1.7,1.5,B-Game
2018,15,gonzaz1,Zane Gonzalez,K,ARI,@ATL,7.0,16,6.0,0.0,0.0,0.0,0.0,0.0,0.0,0.0,0.0,0.0,0.0,0.0,0.0,0.0,0.0,0.0,1.7,1.4,B-Game
2018,15,hopkid2,Dustin Hopkins,K,WAS,@JAX,6.1,8,6.0,0.0,0.0,0.0,0.0,0.0,0.0,0.0,0.0,0.0,0.0,0.0,0.0,0.0,0.0,0.0,1.4,1.5,B-Game
