Rank,Pos,ID,Name,Team,Opp,Comp,Yards,TD,Int,Att,Yards,TD,Rec,Yards,TD,Fantasy Points
1,QB,13116,"Mahomes, Patrick",KCC,SEA,27.39,349,3.17,0.64,3.52,16,0.11,0,0,0,32
2,QB,10703,"Wilson, Russell",SEA,KCC,22.2,262,2.56,0.41,4.12,24,0.07,0,0,0,26
3,QB,9099,"Ryan, Matt",ATL,CAR,27.11,310,1.93,0.49,1.79,8,0.15,0,0,0,25
4,RB,13130,"McCaffrey, Christian",CAR,ATL,0,0,0,0,12.49,59,0.46,6.68,56,0.44,25
5,QB,7401,"Roethlisberger, Ben",PIT,NOS,26.7,308,2.15,0.96,1.73,5,0.12,0,0,0,25
6,QB,13113,"Watson, Deshaun",HOU,PHI,21.98,267,1.97,0.56,4.42,26,0.18,0,0,0,24
7,RB,12625,"Elliott, Ezekiel",DAL,TBB,0,0,0,0,23.34,104,0.51,5.3,41,0.22,24
8,WR,11675,"Adams, Davante",GBP,NYJ,0,0,0,0,0.01,0,0,7.74,100,0.93,24
9,QB,10695,"Luck, Andrew",IND,NYG,24.62,272,2.07,0.87,3.09,10,0.07,0,0,0,22
10,QB,12611,"Goff, Jared",LAR,ARI,23.25,290,1.8,0.74,2.3,5,0.09,0,0,0,22
11,WR,9988,"Brown, Antonio",PIT,NOS,0,0,0,0,0,0,0,6.66,90,0.81,21
12,QB,7394,"Rivers, Philip",LAC,BAL,21.93,278,2,0.61,1.11,0,0,0,0,0,21
13,RB,12150,"Gurley, Todd",LAR,ARI,0,0,0,0,15.06,73,0.9,3.66,37,0.21,21
14,QB,12140,"Winston, Jameis",TBB,DAL,21.52,267,1.56,1.24,4.2,22,0.08,0,0,0,21
15,QB,10700,"Cousins, Kirk",MIN,DET,25.65,272,1.78,0.75,2.91,7,0.12,0,0,0,21
16,RB,13132,"Kamara, Alvin",NOS,PIT,0,0,0,0,12.5,59,0.74,4.94,42,0.26,21
17,QB,7836,"Rodgers, Aaron",GBP,NYJ,22,256,1.5,0.41,4.33,26,0.02,0,0,0,21
18,RB,13604,"Barkley, Saquon",NYG,IND,0,0,0,0,14.65,76,0.54,4.73,35,0.25,21
19,QB,5848,"Brady, Tom",NEP,BUF,22.28,300,1.54,0.61,1.85,2,0.07,0,0,0,20
20,QB,13115,"Trubisky, Mitchell",CHI,SFO,20.59,227,1.47,0.92,4.1,23,0.19,0,0,0,20
21,WR,12801,"Hill, Tyreek",KCC,SEA,0,0,0,0,1.48,9,0,5.89,94,0.66,20
22,QB,13590,"Mayfield, Baker",CLE,CIN,21.31,248,1.65,0.94,3.08,12,0.06,0,0,0,20
23,QB,11644,"Carr, Derek",OAK,DEN,24.38,269,1.54,0.49,1.15,3,0.05,0,0,0,20
24,TE,11244,"Kelce, Travis",KCC,SEA,0,0,0,0,0.04,0,0,6.66,85,0.67,20
25,QB,13589,"Allen, Josh",BUF,NEP,15.86,188,0.74,0.81,9.17,55,0.53,0,0,0,20
26,QB,10699,"Foles, Nick",PHI,HOU,23.88,265,1.7,0.63,2.18,5,0,0,0,0,20
27,QB,12620,"Prescott, Dak",DAL,TBB,21.61,235,1.3,0.61,4.18,20,0.36,0,0,0,20
28,RB,13610,"Chubb, Nick",CLE,CIN,0,0,0,0,16.92,83,0.78,2.66,27,0.2,20
29,WR,11938,"Thielen, Adam",MIN,DET,0,0,0,0,0.36,2,0,7.3,87,0.61,20
30,QB,4925,"Brees, Drew",NOS,PIT,20.26,243,1.85,0.54,2.22,1,0.18,0,0,0,19
31,WR,11232,"Hopkins, DeAndre",HOU,PHI,0,0,0,0,0.03,0,0,5.89,82,0.75,19
32,QB,10948,"Keenum, Case",DEN,OAK,24.18,261,1.31,0.68,1.69,6,0.15,0,0,0,19
33,WR,12652,"Thomas, Michael",NOS,PIT,0,0,0,0,0,0,0,6.56,77,0.43,18
34,QB,12623,"Driskel, Jeff",CIN,CLE,19.31,203,1.41,0.47,2.47,12,0.2,0,0,0,18
35,WR,12186,"Diggs, Stefon",MIN,DET,0,0,0,0,0.63,4,0,7.22,79,0.54,18
36,QB,13593,"Jackson, Lamar",BAL,LAC,15.08,155,0.84,0.58,11.67,70,0.19,0,0,0,18
37,QB,13592,"Darnold, Sam",NYJ,GBP,19.65,216,1.17,1.16,3.02,11,0.1,0,0,0,17
38,WR,10271,"Jones, Julio",ATL,CAR,0,0,0,0,0.11,1,0,5.93,89,0.37,17
39,WR,13156,"Smith-Schuster, JuJu",PIT,NOS,0,0,0,0,0.08,0,0,5.99,82,0.48,17
40,WR,12175,"Cooper, Amari",DAL,TBB,0,0,0,0,0.2,1,0,4.99,75,0.69,17
41,RB,12171,"Johnson, David",ARI,LAR,0,0,0,0,16.9,62,0.49,3.52,32,0.09,17
42,RB,13128,"Cook, Dalvin",MIN,DET,0,0,0,0,12.38,62,0.43,3.21,24,0.17,16
43,QB,7391,"Manning, Eli",NYG,IND,21.63,235,1.22,0.74,0.76,2,0.02,0,0,0,16
44,QB,9207,"Johnson, Josh",WAS,TEN,16.1,181,1.08,0.65,5.04,27,0.21,0,0,0,16
45,QB,13968,"Mullens, Nick",SFO,CHI,18.58,241,1.26,1.1,3.36,3,0.06,0,0,0,16
46,WR,10722,"Jeffery, Alshon",PHI,HOU,0,0,0,0,0.02,0,0,6,72,0.43,16
47,WR,7393,"Fitzgerald, Larry",ARI,LAR,0,0,0,0,0,0,0,5.54,60,0.44,15
48,RB,12151,"Gordon, Melvin",LAC,BAL,0,0,0,0,11.21,52,0.55,2.59,25,0.16,15
49,WR,11674,"Cooks, Brandin",LAR,ARI,0,0,0,0,0.49,3,0.07,5.33,78,0.29,15
50,QB,12617,"Kessler, Cody",JAC,MIA,21.21,217,0.87,0.6,4.03,24,0.06,0,0,0,15
51,TE,11247,"Ertz, Zach",PHI,HOU,0,0,0,0,0,0,0,5.92,62,0.45,15
52,RB,13607,"Michel, Sony",NEP,BUF,0,0,0,0,14.09,60,0.61,2.06,17,0.09,15
53,RB,12626,"Henry, Derrick",TEN,WAS,0,0,0,0,14.66,74,0.95,1.32,10,0.04,15
54,WR,13634,"Pettis, Dante",SFO,CHI,0,0,0,0,0.17,0,0,3.94,68,0.67,15
55,QB,13591,"Rosen, Josh",ARI,LAR,20.12,218,1.11,0.99,1.4,6,0,0,0,0,15
56,WR,11228,"Woods, Robert",LAR,ARI,0,0,0,0,1.17,7,0,5.28,76,0.31,15
57,WR,13630,"Sutton, Courtland",DEN,OAK,0,0,0,0,0.06,0,0.02,4.74,69,0.42,15
58,RB,13234,"Mack, Marlon",IND,NYG,0,0,0,0,15.11,68,0.6,1.94,15,0.12,15
59,RB,13146,"Conner, James",PIT,NOS,0,0,0,0,12.03,56,0.56,3.13,27,0.07,14
60,WR,11679,"Beckham, Odell",NYG,IND,0,0,0,0,0.17,1,0,4.4,72,0.53,14
61,WR,13629,"Ridley, Calvin",ATL,CAR,0,0,0,0,0.39,2,0,4.85,56,0.42,14
62,WR,11671,"Evans, Mike",TBB,DAL,0,0,0,0,0,0,0,4.44,75,0.29,14
63,WR,9662,"Edelman, Julian",NEP,BUF,0,0,0,0,0.64,4,0,5.43,64,0.41,14
64,WR,10527,"Baldwin, Doug",SEA,KCC,0,0,0,0,0.2,0,0,4.62,56,0.52,14
65,RB,13290,"Cohen, Tarik",CHI,SFO,0,0,0,0,5.79,26,0.13,4.3,39,0.26,14
66,RB,13614,"Lindsay, Phillip",DEN,OAK,0,0,0,0,12.8,66,0.64,2.43,17,0.04,14
67,RB,13364,"Carson, Chris",SEA,KCC,0,0,0,0,16.3,73,0.45,2.14,17,0.07,14
68,WR,12930,"Anderson, Robby",NYJ,GBP,0,0,0,0,0.15,0,0,4.07,57,0.45,13
69,RB,12630,"Drake, Kenyan",MIA,JAC,0,0,0,0,8.02,38,0.25,2.68,25,0.3,13
70,RB,11886,"Williams, Damien",KCC,SEA,0,0,0,0,9.67,58,0.41,2.32,21,0.12,13
71,WR,9884,"Thomas, Demaryius",HOU,PHI,0,0,0,0,0.04,0,0,4.55,55,0.39,13
72,QB,10697,"Tannehill, Ryan",MIA,JAC,15.56,173,1.3,0.7,1.55,5,0.01,0,0,0,13
73,QB,12141,"Mariota, Marcus",TEN,WAS,15.33,172,0.81,0.74,3.2,18,0.16,0,0,0,13
74,WR,13154,"Williams, Mike",LAC,BAL,0,0,0,0,0.35,2,0.07,4,57,0.5,13
75,RB,10276,"Ingram, Mark",NOS,PIT,0,0,0,0,11.26,54,0.46,2.25,19,0.11,13
76,WR,12187,"Lockett, Tyler",SEA,KCC,0,0,0,0,0.91,5,0,3.73,58,0.55,13
77,WR,12391,"Williams, Tyrell",LAC,BAL,0,0,0,0,0.07,0,0,4.5,60,0.26,13
78,WR,11678,"Robinson, Allen",CHI,SFO,0,0,0,0,0.1,1,0,4.31,59,0.3,12
79,RB,10708,"Miller, Lamar",HOU,PHI,0,0,0,0,14.55,63,0.28,1.95,15,0.08,12
80,WR,11680,"Landry, Jarvis",CLE,CIN,0,0,0,0,0.17,1,0.07,4.54,52,0.26,12
81,TE,9474,"Cook, Jared",OAK,DEN,0,0,0,0,0,0,0,4.4,59,0.35,12
82,RB,11199,"Ware, Spencer",KCC,SEA,0,0,0,0,11,50,0.37,2,22,0.12,12
83,RB,13850,"Edwards, Gus",BAL,LAC,0,0,0,0,16.02,75,0.54,1.3,8,0.07,12
84,QB,9431,"Stafford, Matthew",DET,MIN,15.77,172,0.94,0.94,1.54,5,0,0,0,0,12
85,RB,11747,"White, James",NEP,BUF,0,0,0,0,5.85,25,0.35,3,28,0.28,12
86,WR,12184,"Crowder, Jamison",WAS,TEN,0,0,0,0,0.43,2,0,4.31,53,0.35,12
87,WR,11222,"Allen, Keenan",LAC,BAL,0,0,0,0,0.38,2,0,4.45,56,0.32,12
88,WR,10729,"Hilton, T.Y.",IND,NYG,0,0,0,0,0,0,0,3.83,63,0.26,12
89,RB,10389,"Lewis, Dion",TEN,WAS,0,0,0,0,11.68,42,0.08,3.65,25,0.09,12
90,RB,13131,"Mixon, Joe",CIN,CLE,0,0,0,0,12.27,55,0.45,2.36,18,0.03,12
91,WR,9118,"Nelson, Jordy",OAK,DEN,0,0,0,0,0.13,0,0,4.68,53,0.29,12
92,RB,12152,"Coleman, Tevin",ATL,CAR,0,0,0,0,9.9,49,0.2,2.15,18,0.29,12
93,RB,9898,"Blount, LeGarrette",DET,MIN,0,0,0,0,10.59,45,0.65,1.88,12,0.06,12
94,WR,13153,"Davis, Corey",TEN,WAS,0,0,0,0,0.47,3,0,4.38,59,0.35,12
95,WR,13158,"Westbrook, Dede",JAC,MIA,0,0,0,0,0.65,4,0,4.36,51,0.28,12
96,TE,9902,"Gronkowski, Rob",NEP,BUF,0,0,0,0,0,0,0,3.63,54,0.35,11
97,WR,9831,"Tate, Golden",PHI,HOU,0,0,0,0,0.29,1,0,5.05,51,0.2,11
98,WR,11850,"Enunwa, Quincy",NYJ,GBP,0,0,0,0,0.02,0,0,3.83,50,0.25,11
99,RB,12634,"Howard, Jordan",CHI,SFO,0,0,0,0,15.76,62,0.42,1.08,7,0,11
100,RB,12157,"Johnson, Duke",CLE,CIN,0,0,0,0,3.97,19,0.09,3.73,32,0.23,11
101,RB,13144,"McGuire, Elijah",NYJ,GBP,0,0,0,0,9.92,37,0.33,2.68,24,0.05,11
102,WR,11677,"Moncrief, Donte",JAC,MIA,0,0,0,0,0.08,0,0,3.85,53,0.32,11
103,WR,12505,"Humphries, Adam",TBB,DAL,0,0,0,0,0.1,1,0,3.98,45,0.33,11
104,TE,13299,"Kittle, George",SFO,CHI,0,0,0,0,0.06,0,0,4.04,60,0.22,11
105,WR,10723,"Sanu, Mohamed",ATL,CAR,0,0,0,0,0.39,2,0,4.46,55,0.19,11
106,RB,13129,"Fournette, Leonard",JAC,MIA,0,0,0,0,12,45,0.36,2,13,0.12,11
107,RB,13139,"Williams, Jamaal",GBP,NYJ,0,0,0,0,10.14,44,0.47,2.1,18,0.08,11
108,WR,13176,"Jones, Zay",BUF,NEP,0,0,0,0,0.07,0,0,3.9,50,0.36,11
109,WR,11227,"Stills, Kenny",MIA,JAC,0,0,0,0,0.03,0,0,3.5,46,0.4,11
110,RB,13378,"Breida, Matt",SFO,CHI,0,0,0,0,8.62,40,0.15,1.55,15,0.09,10
111,WR,10960,"Gordon, Josh",NEP,BUF,0,0,0,0,0.06,0,0,3.15,54,0.25,10
112,WR,13277,"Golladay, Kenny",DET,MIN,0,0,0,0,0.06,0,0,3.49,54,0.34,10
113,TE,13189,"Engram, Evan",NYG,IND,0,0,0,0,0.09,1,0,4.19,51,0.23,10
114,RB,12153,"Yeldon, T.J.",JAC,MIA,0,0,0,0,6.38,24,0.09,3.49,29,0.13,10
115,TE,11695,"Ebron, Eric",IND,NYG,0,0,0,0,0.16,0,0.05,3.37,37,0.57,10
116,WR,12181,"Agholor, Nelson",PHI,HOU,0,0,0,0,0.31,2,0,3.84,44,0.11,10
117,QB,8062,"Fitzpatrick, Ryan",TBB,DAL,8.33,115,0.63,0.9,1.67,9,0.18,0,0,0,10
118,RB,12637,"Barber, Peyton",TBB,DAL,0,0,0,0,13.96,53,0.42,1.27,7,0.04,10
119,WR,13155,"Ross, John",CIN,CLE,0,0,0,0,0.05,0,0,2.55,37,0.49,10
120,WR,12913,"Erickson, Alex",CIN,CLE,0,0,0,0,0.03,0,0,2.65,35,0.34,9
121,WR,10308,"Cobb, Randall",GBP,NYJ,0,0,0,0,0.25,0,0,4,41,0.21,9
122,RB,8658,"Peterson, Adrian",WAS,TEN,0,0,0,0,11.47,45,0.31,1.12,10,0.04,9
123,WR,12205,"Funchess, Devin",CAR,ATL,0,0,0,0,0.05,0,0,3.27,42,0.34,9
124,WR,13649,"Hamilton, DaeSean",DEN,OAK,0,0,0,0,0.17,1,0,3.89,42,0.22,9
125,WR,13635,"Moore, D.J.",CAR,ATL,0,0,0,0,0.85,5,0,3.38,44,0.15,9
126,RB,9448,"McCoy, LeSean",BUF,NEP,0,0,0,0,11.88,42,0.19,2.31,18,0.04,9
127,TE,12110,"Brate, Cameron",TBB,DAL,0,0,0,0,0,0,0,3.28,33,0.48,9
128,RB,11186,"Thompson, Chris",WAS,TEN,0,0,0,0,5.3,21,0.07,3,24,0.13,9
129,WR,13163,"Godwin, Chris",TBB,DAL,0,0,0,0,0.02,0,0,3.19,45,0.22,9
130,WR,13662,"Coutee, Keke",HOU,PHI,0,0,0,0,0.17,1,0,4,44,0.05,9
131,RB,13611,"Adams, Josh",PHI,HOU,0,0,0,0,10.79,48,0.38,0.9,7,0.05,9
132,RB,11390,"Murray, Latavius",MIN,DET,0,0,0,0,10.61,43,0.48,1.28,9,0,9
133,WR,12648,"Doctson, Josh",WAS,TEN,0,0,0,0,0.07,0,0,3.44,45,0.24,9
134,WR,12257,"Conley, Chris",KCC,SEA,0,0,0,0,0.47,2,0,3.38,40,0.3,9
135,RB,10709,"Martin, Doug",OAK,DEN,0,0,0,0,10.85,42,0.33,1.62,12,0,9
136,RB,12632,"Dixon, Kenneth",BAL,LAC,0,0,0,0,7.78,35,0.28,1.83,11,0.06,9
137,TE,11257,"McDonald, Vance",PIT,NOS,0,0,0,0,0,0,0,3.24,34,0.27,8
138,WR,11975,"Gabriel, Taylor",CHI,SFO,0,0,0,0,0.56,3,0,4.1,41,0.07,8
139,RB,11657,"Hyde, Carlos",JAC,MIA,0,0,0,0,11.78,41,0.31,1.06,6,0.02,8
140,WR,12658,"Shepard, Sterling",NYG,IND,0,0,0,0,0.08,0,0,3.22,40,0.21,8
141,RB,11188,"Riddick, Theo",DET,MIN,0,0,0,0,3.55,15,0.07,3.6,26,0.02,8
142,WR,13639,"Miller, Anthony",CHI,SFO,0,0,0,0,0.23,1,0,2.22,29,0.43,8
143,RB,11193,"Bernard, Giovani",CIN,CLE,0,0,0,0,4.98,19,0.15,2.68,21,0.05,8
144,RB,13622,"Hines, Nyheim",IND,NYG,0,0,0,0,6.34,24,0.07,3.41,23,0.04,8
145,WR,12176,"Parker, DeVante",MIA,JAC,0,0,0,0,0.02,0,0,3,36,0.12,8
146,WR,11783,"Brown, John",BAL,LAC,0,0,0,0,0.14,0,0,2.15,35,0.25,8
147,RB,12164,"Davis, Mike",SEA,KCC,0,0,0,0,7.77,33,0.08,2.67,19,0.07,8
148,WR,13793,"Valdes-Scantling, Marquez",GBP,NYJ,0,0,0,0,0.28,2,0,2.9,37,0.11,8
149,WR,13910,"Powell, Brandon",DET,MIN,0,0,0,0,0.32,1,0,3.62,41,0.04,8
150,RB,13404,"Ekeler, Austin",LAC,BAL,0,0,0,0,5.01,24,0.13,2.01,19,0.11,8
151,WR,9075,"Jackson, DeSean",TBB,DAL,0,0,0,0,0.24,1,0.03,2.73,38,0.18,8
152,WR,13168,"Reynolds, Josh",LAR,ARI,0,0,0,0,0.29,1,0,3.22,40,0.21,8
153,WR,11239,"Goodwin, Marquise",SFO,CHI,0,0,0,0,0.25,1,0,2.45,41,0.33,8
154,WR,9427,"Crabtree, Michael",BAL,LAC,0,0,0,0,0.01,0,0,3.16,36,0.2,8
155,TE,13919,"Firkser, Anthony",TEN,WAS,0,0,0,0,0.01,0,0,2.6,32,0.28,8
156,WR,12471,"Roberts, Seth",OAK,DEN,0,0,0,0,0.16,0,0,3.22,36,0.16,8
157,RB,12912,"Richard, Jalen",OAK,DEN,0,0,0,0,3.29,18,0.01,2.84,27,0.03,8
158,TE,12317,"Uzomah, C.J.",CIN,CLE,0,0,0,0,0,0,0,3.29,33,0.19,7
159,TE,12677,"Hooper, Austin",ATL,CAR,0,0,0,0,0,0,0,3.23,30,0.2,7
160,TE,12680,"Vannett, Nick",SEA,KCC,0,0,0,0,0,0,0,2.29,25,0.29,7
161,RB,13617,"Freeman, Royce",DEN,OAK,0,0,0,0,7.95,33,0.33,0.78,4,0,7
162,WR,13167,"Taylor, Taywan",TEN,WAS,0,0,0,0,0.09,0,0,3.08,41,0.05,7
163,RB,12264,"Zenner, Zach",DET,MIN,0,0,0,0,8,37,0.3,1,7,0,7
164,TE,12378,"Swaim, Geoff",DAL,TBB,0,0,0,0,0,0,0,2.67,25,0.1,7
165,RB,12098,"West, Charcandrick",KCC,SEA,0,0,0,0,2.2,12,0.1,1.85,14,0.13,7
166,TE,13678,"Thomas, Ian",CAR,ATL,0,0,0,0,0,0,0,3.2,30,0.18,7
167,WR,11076,"Kearse, Jermaine",NYJ,GBP,0,0,0,0,0,0,0,3.31,34,0.12,7
168,RB,11834,"Blue, Alfred",HOU,PHI,0,0,0,0,12.14,41,0.16,1.07,8,0.01,7
169,TE,11705,"Burton, Trey",CHI,SFO,0,0,0,0,0.03,0,0,2.41,27,0.34,7
170,TE,13819,"Thomas, Jordan",HOU,PHI,0,0,0,0,0,0,0,2.26,26,0.32,7
171,TE,13679,"Herndon, Chris",NYJ,GBP,0,0,0,0,0,0,0,2.65,32,0.23,7
172,TE,10312,"Rudolph, Kyle",MIN,DET,0,0,0,0,0,0,0,3.16,30,0.2,7
173,RB,14017,"Wilson, Jeffery",SFO,CHI,0,0,0,0,8.04,37,0.02,1.52,13,0.03,7
174,TE,11248,"Reed, Jordan",WAS,TEN,0,0,0,0,0,0,0,2.93,28,0.17,7
175,WR,13645,"Smith, Tre'Quan",NOS,PIT,0,0,0,0,0.1,1,0,2.2,30,0.29,7
176,WR,13640,"Callaway, Antonio",CLE,CIN,0,0,0,0,0.04,0,0,2.59,33,0.24,7
177,TE,7236,"Gates, Antonio",LAC,BAL,0,0,0,0,0,0,0,2.23,28,0.17,6
178,WR,13348,"Moore, David",SEA,KCC,0,0,0,0,0.11,0,0,1.98,31,0.24,6
179,TE,7422,"Watson, Ben",NOS,PIT,0,0,0,0,0,0,0,2.26,26,0.13,6
180,WR,10983,"Hogan, Chris",NEP,BUF,0,0,0,0,0.04,0,0,1.93,32,0.2,6
181,QB,11642,"Bortles, Blake",JAC,MIA,7.21,82,0.35,0.21,1.95,12,0.02,0,0,0,6
182,WR,13280,"Williams, Chad",ARI,LAR,0,0,0,0,0.04,0,0,2.16,23,0.25,6
183,WR,12656,"Higgins, Rashard",CLE,CIN,0,0,0,0,0,0,0,1.92,27,0.2,6
184,WR,10956,"Thompson, Deonte",BUF,NEP,0,0,0,0,0.41,2,0.1,2.11,29,0,6
185,WR,9308,"Amendola, Danny",MIA,JAC,0,0,0,0,0.01,0,0,2.8,28,0.05,6
186,WR,12934,"Rogers, Chester",IND,NYG,0,0,0,0,0.15,0,0,2.79,27,0.07,6
187,TE,13192,"Njoku, David",CLE,CIN,0,0,0,0,0.02,0,0,2.38,26,0.19,6
188,TE,8247,"Davis, Vernon",WAS,TEN,0,0,0,0,0,0,0,1.99,29,0.15,6
189,RB,11182,"Burkhead, Rex",NEP,BUF,0,0,0,0,4.49,16,0.14,1.5,12,0.06,6
190,RB,12636,"Smallwood, Wendell",PHI,HOU,0,0,0,0,4.77,19,0.22,1.28,11,0.09,6
191,WR,11951,"Snead, Willie",BAL,LAC,0,0,0,0,0.07,0,0,3.23,33,0.02,6
192,WR,13157,"Samuel, Curtis",CAR,ATL,0,0,0,0,0.74,4,0.02,2.33,28,0.15,6
193,TE,9925,"Graham, Jimmy",GBP,NYJ,0,0,0,0,0,0,0,2.44,28,0.15,6
194,WR,11957,"Inman, Dontrelle",IND,NYG,0,0,0,0,0,0,0,2.47,27,0.18,6
195,TE,13671,"Andrews, Mark",BAL,LAC,0,0,0,0,0.01,0,0,2.14,30,0.19,6
196,TE,13674,"Goedert, Dallas",PHI,HOU,0,0,0,0,0,0,0,2.14,22,0.32,6
197,WR,10412,"Robinson, Aldrick",MIN,DET,0,0,0,0,0,0,0,1.48,19,0.3,5
198,TE,12211,"James, Jesse",PIT,NOS,0,0,0,0,0,0,0,2.17,24,0.11,5
199,WR,13646,"Gallup, Michael",DAL,TBB,0,0,0,0,0.01,0,0,1.85,28,0.07,5
200,RB,13620,"Jackson, Justin",LAC,BAL,0,0,0,0,3.96,18,0.17,0.7,8,0,5
201,TE,13246,"Alie-Cox, Mo",IND,NYG,0,0,0,0,0.01,0,0,1.24,16,0.27,5
202,RB,12159,"Allen, Javorius",BAL,LAC,0,0,0,0,3.27,12,0.18,1.63,9,0.08,5
203,WR,13418,"Bourne, Kendrick",SFO,CHI,0,0,0,0,0,0,0,1.87,22,0.15,5
204,WR,13412,"Cole, Keelan",JAC,MIA,0,0,0,0,0.02,0,0,2.45,33,0.04,5
205,TE,13382,"Seals-Jones, Ricky",ARI,LAR,0,0,0,0,0,0,0,1.93,21,0.09,5
206,WR,13377,"Patrick, Tim",DEN,OAK,0,0,0,0,0.1,1,0,2.25,29,0.07,5
207,RB,13621,"Ballage, Kalen",MIA,JAC,0,0,0,0,5.87,24,0.02,1.07,11,0.08,5
208,TE,12330,"O'Shaughnessy, James",JAC,MIA,0,0,0,0,0,0,0,2.51,22,0.06,5
209,WR,11225,"Patterson, Cordarrelle",NEP,BUF,0,0,0,0,2.24,9,0.06,1.3,17,0.13,5
210,TE,13236,"Everett, Gerald",LAR,ARI,0,0,0,0,0,0,0,2.09,21,0.24,5
211,WR,13653,"Foster, Robert",BUF,NEP,0,0,0,0,0.01,0,0,1.4,28,0.14,5
212,TE,12678,"Higbee, Tyler",LAR,ARI,0,0,0,0,0,0,0,1.55,16,0.12,5
213,RB,13816,"Cannon, Trenton",NYJ,GBP,0,0,0,0,6.43,22,0.13,1.29,11,0,5
214,RB,12629,"Booker, Devontae",DEN,OAK,0,0,0,0,3.03,15,0.08,2.12,17,0,5
215,RB,13789,"Wilkins, Jordan",IND,NYG,0,0,0,0,3.17,19,0.09,1.02,6,0,5
216,TE,12596,"LaCosse, Matt",DEN,OAK,0,0,0,0,0,0,0,2.23,23,0.2,5
217,WR,12657,"Sharpe, Tajae",TEN,WAS,0,0,0,0,0.1,1,0,1.56,19,0.12,5
218,RB,13613,"Samuels, Jaylen",PIT,NOS,0,0,0,0,3.51,17,0.02,1.09,10,0.19,5
219,RB,10870,"Morris, Alfred",SFO,CHI,0,0,0,0,5.78,19,0.03,0.95,7,0,4
220,TE,10398,"Smith, Lee",OAK,DEN,0,0,0,0,0,0,0,0.83,6,0.27,4
221,TE,10838,"Ellison, Rhett",NYG,IND,0,0,0,0,0,0,0,1.67,18,0.07,4
222,WR,10973,"Beasley, Cole",DAL,TBB,0,0,0,0,0.01,0,0,2.45,24,0.02,4
223,RB,11101,"Develin, James",NEP,BUF,0,0,0,0,0.54,1,0.32,0.66,5,0,4
224,TE,10409,"Clay, Charles",BUF,NEP,0,0,0,0,0,0,0,2.33,22,0.06,4
225,WR,10410,"Harris, Dwayne",OAK,DEN,0,0,0,0,0.1,0,0,1.62,16,0,4
226,RB,10300,"Rodgers, Jacquizz",TBB,DAL,0,0,0,0,2.02,8,0,1.77,14,0.01,4
227,WR,11104,"Bellamy, Josh",CHI,SFO,0,0,0,0,0.03,0,0,1.33,16,0.11,4
228,WR,10737,"Benjamin, Travis",LAC,BAL,0,0,0,0,0.52,3,0,1.19,20,0.12,4
229,WR,10734,"Wright, Jarius",CAR,ATL,0,0,0,0,0.19,1,0,2.06,23,0.05,4
230,QB,9064,"Flacco, Joe",BAL,LAC,5.3,55,0.3,0.15,0.72,2,0.01,0,0,0,4
231,QB,10702,"Osweiler, Brock",MIA,JAC,3.26,36,0.44,0.04,0.42,3,0.08,0,0,0,4
232,RB,10077,"Ivory, Chris",BUF,NEP,0,0,0,0,7.37,26,0.03,0.79,8,0,4
233,WR,11456,"Brown, Jaron",SEA,KCC,0,0,0,0,0.01,0,0,0.83,11,0.34,4
234,RB,7942,"Sproles, Darren",PHI,HOU,0,0,0,0,2.82,12,0.12,0.73,4,0.02,4
235,WR,13668,"Chark, D.J.",JAC,MIA,0,0,0,0,0.01,0,0,1.67,22,0.03,4
236,RB,13608,"Penny, Rashaad",SEA,KCC,0,0,0,0,4.66,24,0.13,0.46,4,0,4
237,TE,13680,"Hurst, Hayden",BAL,LAC,0,0,0,0,0.02,0,0,1.64,16,0.03,4
238,WR,11812,"Grant, Ryan",IND,NYG,0,0,0,0,0.01,0,0,2.08,22,0.04,4
239,TE,13722,"Jarwin, Blake",DAL,TBB,0,0,0,0,0,0,0,1.5,15,0,4
240,RB,13726,"Edmonds, Chase",ARI,LAR,0,0,0,0,4.74,15,0.16,1.19,8,0,4
241,WR,12645,"Treadwell, Laquon",MIN,DET,0,0,0,0,0,0,0,2,18,0.01,4
242,WR,11686,"Jones, T.J.",DET,MIN,0,0,0,0,0.05,0,0,1.57,18,0.06,4
243,WR,11673,"Benjamin, Kelvin",KCC,SEA,0,0,0,0,0.04,0,0,1.57,23,0.04,4
244,RB,12444,"Smith, Rod",DAL,TBB,0,0,0,0,3.49,14,0.09,0.85,6,0.01,4
245,WR,13882,"Kirkwood, Keith",NOS,PIT,0,0,0,0,0,0,0,1.45,21,0.13,4
246,WR,13641,"McCloud, Ray-Ray",BUF,NEP,0,0,0,0,0.38,2,0,1.51,18,0,4
247,WR,12773,"Moore, Chris",BAL,LAC,0,0,0,0,0.3,1,0,1.16,14,0.13,4
248,WR,12319,"Nelson, J.J.",ARI,LAR,0,0,0,0,0.18,1,0,1.58,22,0.01,4
249,WR,13637,"St. Brown, Equanimeous",GBP,NYJ,0,0,0,0,0.13,1,0,1.61,22,0.01,4
250,WR,13488,"Pascal, Zach",IND,NYG,0,0,0,0,0.14,0,0,1.38,16,0.13,4
251,RB,11367,"Juszczyk, Kyle",SFO,CHI,0,0,0,0,0.34,1,0,1.82,19,0.04,4
252,WR,13316,"Taylor, Trent",SFO,CHI,0,0,0,0,0,0,0,1.5,16,0.04,4
253,WR,12917,"Harris, Maurice",WAS,TEN,0,0,0,0,0.21,1,0,1.95,22,0.06,4
254,TE,13672,"Gesicki, Mike",MIA,JAC,0,0,0,0,0,0,0,1.77,15,0.03,4
255,TE,9912,"Dickson, Ed",SEA,KCC,0,0,0,0,0,0,0,1.19,12,0.16,3
256,WR,13165,"Switzer, Ryan",PIT,NOS,0,0,0,0,0.34,1,0,1.63,11,0.05,3
257,WR,13776,"Watson, Justin",TBB,DAL,0,0,0,0,0.09,1,0,1.29,15,0,3
258,RB,13606,"Jones, Ronald",TBB,DAL,0,0,0,0,3.62,12,0.06,1.09,6,0,3
259,WR,13313,"McKenzie, Isaiah",BUF,NEP,0,0,0,0,0.48,3,0.07,1.32,12,0,3
260,TE,13880,"Arnold, Dan",NOS,PIT,0,0,0,0,0.01,0,0,1.26,15,0.03,3
261,WR,13235,"Malone, Josh",CIN,CLE,0,0,0,0,0.08,0,0,1.53,13,0.03,3
262,WR,13893,"Sherfield, Trent",ARI,LAR,0,0,0,0,0.01,0,0,1.35,15,0.05,3
263,QB,6589,"McCown, Josh",NYJ,GBP,4.25,44,0.23,0.21,0.58,2,0.05,0,0,0,3
264,WR,13631,"Washington, James",PIT,NOS,0,0,0,0,0.02,0,0.01,1.43,16,0.07,3
265,RB,12832,"Jackson, Darius",GBP,NYJ,0,0,0,0,3.01,11,0.05,0.6,4,0,3
266,TE,11529,"Hill, Josh",NOS,PIT,0,0,0,0,0,0,0,1.14,16,0.08,3
267,QB,10413,"Taylor, Tyrod",CLE,CIN,3.62,35,0.1,0.07,1.43,9,0.04,0,0,0,3
268,TE,12206,"Williams, Maxx",BAL,LAC,0,0,0,0,0.11,0,0,0.86,7,0.1,3
269,QB,11151,"Barkley, Matt",BUF,NEP,2.35,27,0.2,0.26,0.49,2,0,0,0,0,3
270,QB,12142,"Hundley, Brett",SEA,KCC,4,40,0.27,0.12,0.57,3,0.04,0,0,0,3
271,QB,11152,"Glennon, Mike",ARI,LAR,3.36,37,0.29,0.1,0.12,1,0,0,0,0,3
272,WR,12785,"Robinson, Demarcus",KCC,SEA,0,0,0,0,0,0,0,1.42,15,0.06,3
273,WR,12185,"Hardy, Justin",ATL,CAR,0,0,0,0,0,0,0,1.35,14,0.22,3
274,WR,12197,"Perriman, Breshad",CLE,CIN,0,0,0,0,0.23,0,0,1.05,20,0.08,3
275,RB,12261,"Montgomery, Ty",BAL,LAC,0,0,0,0,1.81,7,0.05,1.22,11,0,3
276,RB,13108,"McKissic, J.D.",SEA,KCC,0,0,0,0,3.21,13,0,1.05,7,0.04,3
277,TE,11007,"Celek, Garrett",SFO,CHI,0,0,0,0,0,0,0,0.53,10,0.14,3
278,WR,11689,"Ellington, Bruce",DET,MIN,0,0,0,0,0.04,0,0,1.72,11,0.01,3
279,TE,11448,"Harris, Demetrius",KCC,SEA,0,0,0,0,0,0,0,1.04,13,0.15,3
280,QB,13125,"Beathard, C.J.",SFO,CHI,2.72,32,0.13,0.16,0.84,4,0.06,0,0,0,3
281,TE,11337,"Fells, Darren",CLE,CIN,0,0,0,0,0,0,0,0.51,6,0.11,3
282,RB,13133,"Perine, Samaje",WAS,TEN,0,0,0,0,4.26,13,0.01,0.83,6,0.03,3
283,WR,11931,"Fowler, Bennie",NYG,IND,0,0,0,0,0.01,0,0,0.91,12,0.09,3
284,RB,13135,"Gallman, Wayne",NYG,IND,0,0,0,0,4.51,17,0,1.22,7,0,3
285,WR,11237,"Shepard, Russell",NYG,IND,0,0,0,0,0.01,0,0,0.95,14,0.12,3
286,WR,10289,"Smith, Torrey",CAR,ATL,0,0,0,0,0.06,0,0.01,1.16,14,0.1,3
287,WR,11676,"Matthews, Jordan",PHI,HOU,0,0,0,0,0,0,0,1.11,14,0.14,3
288,QB,10262,"Gabbert, Blaine",TEN,WAS,3.97,43,0.16,0.25,0.83,0,0,0,0,0,3
289,TE,11399,"Griffin, Ryan",HOU,PHI,0,0,0,0,0,0,0,1.47,19,0,3
290,RB,13896,"Martin, Robert",NYG,IND,0,0,0,0,2.49,7,0,0.52,2,0,2
291,WR,12188,"Dorsett, Phillip",NEP,BUF,0,0,0,0,0,0,0,1.1,11,0.04,2
292,TE,12792,"DeValve, Seth",CLE,CIN,0,0,0,0,0,0,0,0.59,9,0.04,2
293,TE,12807,"Hemingway, Temarrick",DEN,OAK,0,0,0,0,0,0,0,0.67,9,0,2
294,TE,13772,"Schultz, Dalton",DAL,TBB,0,0,0,0,0,0,0,0.59,6,0,2
295,WR,12646,"Coleman, Corey",NYG,IND,0,0,0,0,0,0,0,0.75,11,0,2
296,TE,13753,"Akins, Jordan",HOU,PHI,0,0,0,0,0,0,0,0.91,13,0.01,2
297,TE,12213,"Bell, Blake",JAC,MIA,0,0,0,0,0.04,0,0,0.8,7,0,2
298,TE,12585,"Brown, Daniel",CHI,SFO,0,0,0,0,0,0,0,0.54,7,0,2
299,WR,11213,"Austin, Tavon",DAL,TBB,0,0,0,0,0.73,4,0,0.96,10,0.08,2
300,TE,12309,"Pruitt, MyCole",TEN,WAS,0,0,0,0,0,0,0,0.62,6,0,2
301,RB,13623,"Williams, Darrel",KCC,SEA,0,0,0,0,0.4,2,0,0.44,4,0.13,2
302,RB,13619,"Kelly, John",LAR,ARI,0,0,0,0,2.97,14,0.03,0.3,3,0.04,2
303,TE,12207,"O'Leary, Nick",MIA,JAC,0,0,0,0,0,0,0,0.62,7,0.05,2
304,WR,12824,"Core, Cody",CIN,CLE,0,0,0,0,0.04,0,0,0.55,5,0.01,2
305,TE,13445,"Auclair, Antony",TBB,DAL,0,0,0,0,0,0,0,1.31,11,0.07,2
306,WR,11406,"Butler, Brice",MIA,JAC,0,0,0,0,0.08,1,0,1.15,12,0.05,2
307,WR,11925,"Hurns, Allen",DAL,TBB,0,0,0,0,0.01,0,0,1.1,12,0.06,2
308,RB,13871,"Hilliard, Dontrell",CLE,CIN,0,0,0,0,0.09,0,0,1.01,11,0,2
309,TE,10318,"Kendricks, Lance",GBP,NYJ,0,0,0,0,0,0,0,1.3,11,0.03,2
310,TE,13195,"Leggett, Jordan",NYJ,GBP,0,0,0,0,0,0,0,0.83,8,0.02,2
311,TE,10354,"Stocker, Luke",TEN,WAS,0,0,0,0,0.07,0,0,0.82,8,0.05,2
312,QB,13114,"Kizer, DeShone",GBP,NYJ,3.44,40,0.07,0.4,0.73,3,0.02,0,0,0,2
313,TE,13065,"Tomlinson, Eric",NYJ,GBP,0,0,0,0,0,0,0,0.6,6,0,2
314,TE,9838,"Gresham, Jermaine",ARI,LAR,0,0,0,0,0,0,0,1.04,11,0.04,2
315,RB,11432,"Cunningham, Benny",CHI,SFO,0,0,0,0,0.51,1,0,0.51,6,0.03,2
316,RB,12923,"Ham, C.J.",MIN,DET,0,0,0,0,0.34,1,0,0.58,4,0,2
317,TE,10432,"Green, Virgil",LAC,BAL,0,0,0,0,0,0,0,1.12,12,0.05,2
318,RB,12857,"Washington, DeAndre",OAK,DEN,0,0,0,0,2.83,10,0.04,0.69,4,0.02,2
319,WR,10674,"Holmes, Andre",DEN,OAK,0,0,0,0,0,0,0,0.56,6,0,2
320,TE,11647,"Thomas, Logan",BUF,NEP,0,0,0,0,0,0,0,1.04,9,0.03,2
321,TE,13890,"Croom, Jason",BUF,NEP,0,0,0,0,0,0,0,1.04,11,0.04,2
322,TE,10123,"Paulsen, Logan",ATL,CAR,0,0,0,0,0,0,0,0.56,5,0.02,2
323,WR,10721,"Floyd, Michael",WAS,TEN,0,0,0,0,0,0,0,0.65,6,0,2
324,TE,11381,"Willson, Luke",DET,MIN,0,0,0,0,0,0,0,1.03,8,0.04,2
325,RB,12161,"Artis-Payne, Cameron",CAR,ATL,0,0,0,0,2.75,9,0.11,0.11,1,0.02,2
326,TE,11252,"Toilolo, Levine",DET,MIN,0,0,0,0,0,0,0,0.87,9,0,2
327,WR,10735,"Quick, Brian",WAS,TEN,0,0,0,0,0.01,0,0,0.58,6,0,2
328,QB,13424,"Hill, Taysom",NOS,PIT,0.26,5,0,0,2.17,7,0.1,0,0,0,2
329,TE,10940,"Carrier, Derek",OAK,DEN,0,0,0,0,0,0,0,0.69,6,0.08,2
330,WR,12394,"Carter, DeAndre",HOU,PHI,0,0,0,0,0.19,1,0,0.83,13,0,2
331,WR,12177,"White, Kevin",CHI,SFO,0,0,0,0,0.03,0,0,0.45,5,0,1
332,RB,11964,"Perry, Senorise",MIA,JAC,0,0,0,0,1.39,8,0,0.36,2,0,1
333,QB,12381,"Siemian, Trevor",MIN,DET,2.16,22,0.04,0.2,0.23,1,0,0,0,0,1
334,WR,13809,"Gage, Russell",ATL,CAR,0,0,0,0,0,0,0,0.43,5,0,1
335,RB,13142,"Logan, T.J.",ARI,LAR,0,0,0,0,0.28,0,0,0.75,4,0,1
336,RB,13134,"Foreman, D'Onta",HOU,PHI,0,0,0,0,2.79,12,0.02,0.1,0,0,1
337,RB,10334,"Ridley, Stevan",PIT,NOS,0,0,0,0,2.44,9,0.06,0.19,1,0.01,1
338,TE,12955,"Manhertz, Chris",CAR,ATL,0,0,0,0,0,0,0,0.29,6,0.08,1
339,RB,13868,"Boone, Mike",MIN,DET,0,0,0,0,0.92,3,0,0.35,2,0,1
340,RB,13830,"Williams, David",JAC,MIA,0,0,0,0,2.12,9,0,0.09,0,0,1
341,TE,13391,"Hollister, Jacob",NEP,BUF,0,0,0,0,0.07,0,0,0.45,5,0,1
342,WR,13724,"James, Richie",SFO,CHI,0,0,0,0,0,0,0,0.41,5,0.02,1
343,RB,11895,"Bibbs, Kapri",GBP,NYJ,0,0,0,0,1.3,5,0.03,0.27,3,0.02,1
344,WR,13794,"Ratley, Damion",CLE,CIN,0,0,0,0,0,0,0,0.5,4,0,1
345,QB,12815,"Sudfeld, Nate",PHI,HOU,2.5,22,0,0,0.76,2,0,0,0,0,1
346,WR,13505,"Hall, Marvin",ATL,CAR,0,0,0,0,0.19,0,0,0.49,7,0.02,1
347,RB,11474,"Line, Zach",NOS,PIT,0,0,0,0,0.56,2,0.02,0.3,1,0.13,1
348,TE,8269,"Lewis, Marcedes",GBP,NYJ,0,0,0,0,0,0,0,0.38,5,0.01,1
349,QB,12618,"Hogan, Kevin",DEN,OAK,0.98,10,0,0.13,0.25,0,0,0,0,0,1
350,QB,12616,"Brissett, Jacoby",IND,NYG,2.09,19,0.1,0.05,1.42,0,0.01,0,0,0,1
351,QB,11640,"Bridgewater, Teddy",NOS,PIT,0.03,0,0,0.03,1.6,5,0,0,0,0,1
352,RB,13891,"Newsome, Detrez",LAC,BAL,0,0,0,0,0.36,1,0,0.07,1,0,0
353,WR,13884,"Smith, Vyncint",HOU,PHI,0,0,0,0,0,0,0,0,0,0,0
354,WR,13912,"Batson, Cameron",TEN,WAS,0,0,0,0,0.01,0,0,0.43,3,0,0
355,RB,13916,"Howell, Buddy",HOU,PHI,0,0,0,0,0.5,1,0,0.11,1,0,0
356,WR,13904,"Grant, Janarion",BAL,LAC,0,0,0,0,0,0,0,0,0,0,0
357,RB,11524,"Coleman, Derrick",ARI,LAR,0,0,0,0,0.19,0,0,0.11,1,0,0
358,QB,11170,"Bray, Tyler",CHI,SFO,0,0,0,0,0,0,0,0,0,0,0
359,TE,13940,"Mundt, Johnny",LAR,ARI,0,0,0,0,0,0,0,0.01,0,0,0
360,RB,10978,"Cadet, Travaris",CAR,ATL,0,0,0,0,0,0,0,0,0,0,0
361,WR,9921,"Roberts, Andre",NYJ,GBP,0,0,0,0,0.08,1,0,0.32,3,0.02,0
362,QB,9714,"Hoyer, Brian",NEP,BUF,0.47,4,0,0.01,1.54,0,0,0,0,0,0
363,QB,9706,"Daniel, Chase",CHI,SFO,0,0,0,0,1.21,0,0,0,0,0,0
364,QB,10696,"Griffin III, Robert",BAL,LAC,0.03,0,0,0,0.01,0,0,0,0,0,0
365,WR,9452,"Heyward-Bey, Darrius",PIT,NOS,0,0,0,0,0.08,0,0.01,0.37,4,0,0
366,QB,10698,"Weeden, Brandon",HOU,PHI,0,0,0,0,0.09,0,0,0,0,0,0
367,QB,9429,"Sanchez, Mark",WAS,TEN,2.55,19,0,0.78,0.27,2,0,0,0,0,0
368,TE,10742,"Allen, Dwayne",NEP,BUF,0,0,0,0,0,0,0,0.32,2,0.01,0
369,RB,10932,"Bolden, Brandon",MIA,JAC,0,0,0,0,0.3,2,0.02,0.03,0,0,0
370,RB,10985,"Olawale, Jamize",DAL,TBB,0,0,0,0,0.03,0,0,0.16,1,0,0
371,WR,13963,"Hodge, KhaDarel",LAR,ARI,0,0,0,0,0.17,0,0,0.09,1,0,0
372,QB,9073,"Henne, Chad",KCC,SEA,0,0,0,0,0.03,0,0,0,0,0,0
373,QB,8712,"Stanton, Drew",CLE,CIN,0,0,0,0,0,0,0,0,0,0,0
374,QB,11150,"Smith, Geno",LAC,BAL,0.25,2,0,0,0.97,0,0,0,0,0,0
375,QB,8042,"Cassel, Matt",DET,MIN,0.62,4,0,0.39,0.39,0,0,0,0,0,0
376,QB,7480,"Schaub, Matt",ATL,CAR,0.56,2,0,0,0.22,0,0,0,0,0,0
377,WR,11229,"Wheaton, Markus",PHI,HOU,0,0,0,0,0,0,0,0,0,0,0
378,TE,11343,"Momah, Ifeanyi",ARI,LAR,0,0,0,0,0,0,0,0,0,0,0
379,RB,14029,"Ford, Keith",BUF,NEP,0,0,0,0,0.66,0,0,0,0,0,0
380,QB,11441,"Griffin, Ryan",TBB,DAL,0,0,0,0,0,0,0,0,0,0,0
381,WR,11570,"Golden, Brittan",ARI,LAR,0,0,0,0,0,0,0,0.37,4,0.02,0
382,WR,13162,"Ford, Isaiah",MIA,JAC,0,0,0,0,0,0,0,0.01,0,0,0
383,QB,13873,"Boyle, Tim",GBP,NYJ,0,0,0,0,0,0,0,0,0,0,0
384,RB,12845,"Washington, Dwayne",NOS,PIT,0,0,0,0,1.37,4,0.01,0.03,0,0.01,0
385,WR,12673,"Peake, Charone",NYJ,GBP,0,0,0,0,0.14,0,0,0.46,3,0,0
386,WR,13585,"Zylstra, Brandon",MIN,DET,0,0,0,0,0,0,0,0.08,1,0,0
387,WR,13529,"Natson, JoJo",LAR,ARI,0,0,0,0,0.13,1,0,0.3,2,0,0
388,WR,13503,"Kemp, Marcus",KCC,SEA,0,0,0,0,0,0,0,0.03,0,0,0
389,RB,13455,"Ricard, Patrick",BAL,LAC,0,0,0,0,0,0,0,0,0,0,0
390,TE,13438,"Culkin, Sean",LAC,BAL,0,0,0,0,0,0,0,0.07,1,0,0
391,TE,13427,"Tonyan, Robert",GBP,NYJ,0,0,0,0,0,0,0,0.12,2,0.06,0
392,TE,12816,"Morgan, David",MIN,DET,0,0,0,0,0,0,0,0.3,2,0.02,0
393,RB,12823,"Watt, Derek",LAC,BAL,0,0,0,0,0.3,1,0,0.07,0,0,0
394,TE,13396,"Daniels, Darrell",ARI,LAR,0,0,0,0,0,0,0,0,0,0,0
395,QB,13389,"Sloter, Kyle",MIN,DET,0,0,0,0,0,0,0,0,0,0,0
396,TE,12833,"Gathers, Rico",DAL,TBB,0,0,0,0,0,0,0,0.17,2,0,0
397,WR,13371,"Hatcher, Keon",OAK,DEN,0,0,0,0,0,0,0,0,0,0,0
398,QB,13595,"Rudolph, Mason",PIT,NOS,0,0,0,0,0,0,0,0,0,0,0
399,WR,13367,"Carr, Austin",NOS,PIT,0,0,0,0,0,0,0,0,0,0,0
400,TE,12868,"Braunecker, Ben",CHI,SFO,0,0,0,0,0,0,0,0.15,2,0,0
401,TE,12899,"Wick, Cole",TEN,WAS,0,0,0,0,0.04,0,0,0.22,2,0,0
402,TE,13315,"Saubert, Eric",ATL,CAR,0,0,0,0,0,0,0,0.16,2,0,0
403,TE,13044,"Lengel, Matt",CIN,CLE,0,0,0,0,0,0,0,0.32,2,0.04,0
404,RB,13240,"Hill, Brian",ATL,CAR,0,0,0,0,0.71,2,0,0.17,2,0,0
405,QB,13119,"Dobbs, Joshua",PIT,NOS,0.83,5,0,0.14,0.74,1,0,0,0,0,0
406,QB,13124,"Rush, Cooper",DAL,TBB,0,0,0,0,0,0,0,0,0,0,0
407,TE,13194,"Sprinkle, Jeremy",WAS,TEN,0,0,0,0,0.01,0,0,0.1,1,0,0
408,WR,13170,"Gibson, Shelton",PHI,HOU,0,0,0,0,0,0,0,0.03,1,0,0
409,WR,13169,"Chesson, Jehu",WAS,TEN,0,0,0,0,0.08,0,0,0,0,0,0
410,RB,13143,"McNichols, Jeremy",TEN,WAS,0,0,0,0,0,0,0,0,0,0,0
411,WR,12650,"Boyd, Tyler",CIN,CLE,0,0,0,0,0,0,0,0,0,0,0
412,QB,13598,"White, Mike",DAL,TBB,0,0,0,0,0,0,0,0,0,0,0
413,QB,11643,"McCarron, A.J.",OAK,DEN,0.86,8,0,0.02,0.7,0,0,0,0,0,0
414,WR,13666,"Fountain, Daurice",IND,NYG,0,0,0,0,0,0,0,0,0,0,0
415,WR,11670,"Watkins, Sammy",KCC,SEA,0,0,0,0,0,0,0,0,0,0,0
416,RB,13814,"Scott, Boston",PHI,HOU,0,0,0,0,0,0,0,0,0,0,0
417,WR,13807,"Cantrell, Dylan",LAC,BAL,0,0,0,0,0,0,0,0,0,0,0
418,TE,11701,"Grimble, Xavier",PIT,NOS,0,0,0,0,0,0,0,0.28,3,0,0
419,WR,11758,"Latimer, Cody",NYG,IND,0,0,0,0,0,0,0,0,0,0,0
420,TE,11785,"Rodgers, Richard",PHI,HOU,0,0,0,0,0,0,0,0.08,1,0,0
421,QB,11835,"Fales, David",MIA,JAC,0.06,1,0,0,0.01,0,0,0,0,0,0
422,RB,11894,"Fluellen, David",TEN,WAS,0,0,0,0,0.19,1,0,0,0,0,0
423,TE,13676,"Smythe, Durham",MIA,JAC,0,0,0,0,0.02,0,0,0.17,2,0,0
424,TE,13675,"Conklin, Tyler",MIN,DET,0,0,0,0,0,0,0,0.19,4,0,0
425,TE,11904,"Swoope, Erik",NOS,PIT,0,0,0,0,0,0,0,0.13,1,0.07,0
426,RB,13150,"Davis, Justin",LAR,ARI,0,0,0,0,0.11,0,0,0,0,0,0
427,TE,12138,"Simonson, Scott",NYG,IND,0,0,0,0,0,0,0,0,0,0,0
428,QB,13601,"Lauletta, Kyle",NYG,IND,0,0,0,0.33,0.37,0,0,0,0,0,0
429,WR,13658,"Lasley, Jordan",BAL,LAC,0,0,0,0,0.02,0,0,0.08,1,0,0
430,WR,13657,"Moore, J'Mon",GBP,NYJ,0,0,0,0,0,0,0,0.16,1,0,0
431,QB,12145,"Mannion, Sean",LAR,ARI,0.3,2,0,0.07,1,0,0,0,0,0,0
432,RB,12155,"Abdullah, Ameer",MIN,DET,0,0,0,0,0.27,1,0,0.25,2,0,0
433,WR,13644,"Wims, Javon",CHI,SFO,0,0,0,0,0,0,0,0,0,0,0
434,WR,13642,"Tate, Auden",CIN,CLE,0,0,0,0,0,0,0,0.31,2,0,0
435,WR,12338,"Davis, Geremy",LAC,BAL,0,0,0,0,0,0,0,0,0,0,0
436,WR,12475,"Marquez, Bradley",DET,MIN,0,0,0,0,0,0,0,0.25,2,0,0
437,RB,13616,"Walton, Mark",CIN,CLE,0,0,0,0,0.61,2,0,0.25,1,0,0
438,QB,12476,"Heinicke, Taylor",CAR,ATL,0.28,6,0,0,0.3,0,0,0,0,0,0
439,TE,12479,"Lee, Khari",BUF,NEP,0,0,0,0,0,0,0,0.23,2,0,0
440,WR,12586,"Jennings, Darius",TEN,WAS,0,0,0,0,0.01,0,0,0.35,4,0,0
441,RB,12635,"Williams, Jonathan",IND,NYG,0,0,0,0,0,0,0,0,0,0,0
442,QB,9992,"Webb, Joe",HOU,PHI,0,0,0,0,0,0,0,0,0,0,0
